file,line,text
"src\App.jsx",22,"Checking session…"
"src\App.jsx",33,"/randomizer"
"src\App.jsx",34,"/build-editor"
"src\App.jsx",34,"draft"
"src\App.jsx",35,"/build-editor/b/:encoded"
"src\App.jsx",35,"owned"
"src\App.jsx",36,"/build-editor/share/:encoded"
"src\App.jsx",36,"share"
"src\App.jsx",37,"/s/:encoded"
"src\App.jsx",37,"share"
"src\App.jsx",38,"/library-explorer"
"src\App.jsx",39,"/library-roulette"
"src\App.jsx",40,"/catalog"
"src\App.jsx",41,"/catalog/skill-text/:textQuery"
"src\App.jsx",42,"/catalog/:key"
"src\App.jsx",43,"/catalog/type/:slot/:weaponType"
"src\App.jsx",44,"/catalog/category/:groupId"
"src\App.jsx",45,"/catalog/tree/:treeId"
"src\App.jsx",46,"/compare-builds"
"src\App.jsx",47,"/auth"
"src\auth\AuthScreen.jsx",9,"../../firebaseAuth"
"src\auth\AuthScreen.jsx",15,"login"
"src\auth\AuthScreen.jsx",33,"pd3_post_auth_redirect"
"src\auth\AuthScreen.jsx",36,"pd3_post_auth_redirect"
"src\auth\AuthScreen.jsx",118,"login"
"src\auth\AuthScreen.jsx",124,"email"
"src\auth\AuthScreen.jsx",134,"text"
"src\auth\AuthScreen.jsx",134,"password"
"src\auth\AuthScreen.jsx",142,"button"
"src\auth\AuthScreen.jsx",161,"button"
"src\auth\AuthScreen.jsx",165,"register"
"src\auth\AuthScreen.jsx",172,"button"
"src\auth\AuthScreen.jsx",176,"recovery"
"src\auth\AuthScreen.jsx",185,"register"
"src\auth\AuthScreen.jsx",191,"text"
"src\auth\AuthScreen.jsx",200,"email"
"src\auth\AuthScreen.jsx",210,"text"
"src\auth\AuthScreen.jsx",210,"password"
"src\auth\AuthScreen.jsx",218,"button"
"src\auth\AuthScreen.jsx",229,"text"
"src\auth\AuthScreen.jsx",229,"password"
"src\auth\AuthScreen.jsx",237,"button"
"src\auth\AuthScreen.jsx",255,"button"
"src\auth\AuthScreen.jsx",259,"login"
"src\auth\AuthScreen.jsx",268,"recovery"
"src\auth\AuthScreen.jsx",274,"email"
"src\auth\AuthScreen.jsx",291,"button"
"src\auth\AuthScreen.jsx",295,"login"
"src\auth\useAuth.js",8,"useAuth must be used inside <AuthProvider>"
"src\build\build.buildUrl.utils.js",4,"lz-string"
"src\build\build.constants.js",5,"pd3_build_v1"
"src\build\build.constants.js",7,"pd3_build_library_v1"
"src\build\build.validators.js",17,"SKILL_POINTS_EXCEEDED"
"src\build\build.validators.js",18,"Skill points excedidos: ${points}/${MAX_SKILL_POINTS}"
"src\build\build.validators.js",25,"SKILL_ACED_WITHOUT_BASE"
"src\build\build.validators.js",26,"Skill ${skillKey}: aced requiere base"
"src\build\BuildContext.jsx",16,"useBuild must be used inside <BuildProvider />"
"src\build\BuildEditor.jsx",71,"share"
"src\build\BuildEditor.jsx",108,"share"
"src\build\BuildEditor.jsx",112,"/build-editor/b/${nextEncoded}"
"src\build\BuildEditor.jsx",175,"/build-editor/b/${nextEncoded}"
"src\build\BuildEditor.jsx",179,"success"
"src\build\BuildEditor.jsx",185,"error"
"src\build\BuildEditor.jsx",225,"success"
"src\build\BuildEditor.jsx",231,"error"
"src\build\BuildEditor.jsx",254,"success"
"src\build\BuildEditor.jsx",261,"error"
"src\build\BuildEditor.jsx",280,"/build-editor"
"src\build\BuildEditor.jsx",288,"${window.location.origin}/build-editor/share/${encoded}"
"src\build\BuildEditor.jsx",289,"${window.location.origin}/s/${encoded}"
"src\build\BuildEditor.jsx",314,"success"
"src\build\BuildEditor.jsx",320,"error"
"src\build\BuildEditor.jsx",341,"share"
"src\build\BuildEditor.jsx",363,"/library-explorer${fromExplorerSearch}"
"src\build\BuildEditor.jsx",383,"flex"
"src\build\BuildEditor.jsx",384,"center"
"src\build\BuildEditor.jsx",385,"8px"
"src\build\BuildEditor.jsx",389,"wait"
"src\build\BuildEditor.jsx",450,"/auth"
"src\build\BuildEditor.jsx",464,"auto"
"src\build\BuildEditor.jsx",466,"easeOut"
"src\build\BuildEditor.jsx",479,"/build-editor/b/${nextEncoded}"
"src\build\BuildEditor.jsx",491,"text"
"src\build\BuildEditor.jsx",537,"520px"
"src\build\BuildEditor.jsx",548,"flex"
"src\build\BuildEditor.jsx",549,"flex-end"
"src\build\BuildEditor.jsx",550,"12px"
"src\build\BuildLibrary.jsx",14,"${slot}"
"src\build\BuildLibrary.jsx",14,"Alt ${slot}"
"src\build\buildLibrary.utils.js",12,"Build library corrupted, resetting."
"src\build\components\common\Modal.jsx",10,"900px"
"src\build\components\common\Modal.jsx",16,"Escape"
"src\build\components\common\Modal.jsx",19,"keydown"
"src\build\components\common\Modal.jsx",20,"keydown"
"src\build\components\common\Modal.jsx",39,"Close"
"src\build\components\loadout\ArmorEditor.jsx",8,"../../utils/armor.utils"
"src\build\components\loadout\ArmorEditor.jsx",54,"grid"
"src\build\components\loadout\ArmorEditor.jsx",57,"1px solid rgba(255,255,255,0.10)"
"src\build\components\loadout\ArmorPlatesEditor.jsx",7,"../../utils/armor.utils"
"src\build\components\loadout\ArmorSprite.jsx",7,"../../utils/sprites/armorsSprites"
"src\build\components\loadout\ArmorSprite.jsx",28,"url(${ARMOR_SPRITE_URL})"
"src\build\components\loadout\ArmorSprite.jsx",29,"no-repeat"
"src\build\components\loadout\ArmorSprite.jsx",30,"${bgW}px ${bgH}px"
"src\build\components\loadout\ArmorSprite.jsx",31,"${x}px ${y}px"
"src\build\components\loadout\DeployableSprite.jsx",7,"../../utils/sprites/deployablesSprites"
"src\build\components\loadout\DeployableSprite.jsx",28,"url(${DEPLOYABLE_SPRITE_URL})"
"src\build\components\loadout\DeployableSprite.jsx",29,"no-repeat"
"src\build\components\loadout\DeployableSprite.jsx",30,"${bgW}px ${bgH}px"
"src\build\components\loadout\DeployableSprite.jsx",31,"${x}px ${y}px"
"src\build\components\loadout\HeistSprite.jsx",11,"Heist"
"src\build\components\loadout\HeistSprite.jsx",13,"100%"
"src\build\components\loadout\HeistSprite.jsx",15,"cover"
"src\build\components\loadout\HeistSprite.jsx",16,"8px"
"src\build\components\loadout\LoadoutEditor.jsx",48,"primary"
"src\build\components\loadout\LoadoutEditor.jsx",55,"secondary"
"src\build\components\loadout\LoadoutEditor.jsx",62,"overkill"
"src\build\components\loadout\LoadoutEditor.jsx",68,"armor"
"src\build\components\loadout\LoadoutEditor.jsx",74,"deployable"
"src\build\components\loadout\LoadoutEditor.jsx",80,"throwable"
"src\build\components\loadout\LoadoutEditor.jsx",86,"tool"
"src\build\components\loadout\LoadoutEditor.jsx",180,"primary"
"src\build\components\loadout\LoadoutEditor.jsx",191,"primary"
"src\build\components\loadout\LoadoutEditor.jsx",198,"primary"
"src\build\components\loadout\LoadoutEditor.jsx",205,"primary"
"src\build\components\loadout\LoadoutEditor.jsx",206,"item-picker"
"src\build\components\loadout\LoadoutEditor.jsx",224,"secondary"
"src\build\components\loadout\LoadoutEditor.jsx",235,"secondary"
"src\build\components\loadout\LoadoutEditor.jsx",242,"secondary"
"src\build\components\loadout\LoadoutEditor.jsx",249,"secondary"
"src\build\components\loadout\LoadoutEditor.jsx",250,"item-picker"
"src\build\components\loadout\LoadoutEditor.jsx",268,"overkill"
"src\build\components\loadout\LoadoutEditor.jsx",271,"overkill"
"src\build\components\loadout\LoadoutEditor.jsx",275,"overkill"
"src\build\components\loadout\LoadoutEditor.jsx",282,"overkill"
"src\build\components\loadout\LoadoutEditor.jsx",283,"item-picker"
"src\build\components\loadout\LoadoutEditor.jsx",298,"armor"
"src\build\components\loadout\LoadoutEditor.jsx",301,"armor"
"src\build\components\loadout\LoadoutEditor.jsx",314,"armor"
"src\build\components\loadout\LoadoutEditor.jsx",321,"armor"
"src\build\components\loadout\LoadoutEditor.jsx",322,"item-picker"
"src\build\components\loadout\LoadoutEditor.jsx",342,"720px"
"src\build\components\loadout\LoadoutEditor.jsx",356,"throwable"
"src\build\components\loadout\LoadoutEditor.jsx",359,"throwable"
"src\build\components\loadout\LoadoutEditor.jsx",363,"throwable"
"src\build\components\loadout\LoadoutEditor.jsx",370,"throwable"
"src\build\components\loadout\LoadoutEditor.jsx",371,"item-picker"
"src\build\components\loadout\LoadoutEditor.jsx",386,"deployable"
"src\build\components\loadout\LoadoutEditor.jsx",389,"deployable"
"src\build\components\loadout\LoadoutEditor.jsx",393,"deployable"
"src\build\components\loadout\LoadoutEditor.jsx",400,"deployable"
"src\build\components\loadout\LoadoutEditor.jsx",401,"item-picker"
"src\build\components\loadout\LoadoutEditor.jsx",416,"tool"
"src\build\components\loadout\LoadoutEditor.jsx",419,"tool"
"src\build\components\loadout\LoadoutEditor.jsx",423,"tool"
"src\build\components\loadout\LoadoutEditor.jsx",430,"tool"
"src\build\components\loadout\LoadoutEditor.jsx",431,"item-picker"
"src\build\components\loadout\LoadoutItemCard.jsx",16,"randomizer.label.randomizing"
"src\build\components\loadout\LoadoutItemCard.jsx",30,"randomizer"
"src\build\components\loadout\LoadoutItemCard.jsx",43,"item-picker"
"src\build\components\loadout\LoadoutItemCard.jsx",69,"button"
"src\build\components\loadout\LoadoutItemPickerModal.jsx",9,"../../utils/weaponTypeLabels"
"src\build\components\loadout\OverkillSprite.jsx",7,"../../utils/sprites/overkillsSprites"
"src\build\components\loadout\OverkillSprite.jsx",17,"height"
"src\build\components\loadout\OverkillSprite.jsx",31,"url(${OVERKILL_SPRITE_URL})"
"src\build\components\loadout\OverkillSprite.jsx",32,"no-repeat"
"src\build\components\loadout\OverkillSprite.jsx",33,"${bgW}px ${bgH}px"
"src\build\components\loadout\OverkillSprite.jsx",34,"${x}px ${y}px"
"src\build\components\loadout\PlateOrderEditor.jsx",35,"button"
"src\build\components\loadout\PlateSprite.jsx",7,"../../utils/sprites/platesSprites"
"src\build\components\loadout\PlateSprite.jsx",28,"url(${PLATE_SPRITE_URL})"
"src\build\components\loadout\PlateSprite.jsx",29,"no-repeat"
"src\build\components\loadout\PlateSprite.jsx",30,"${bgW}px ${bgH}px"
"src\build\components\loadout\PlateSprite.jsx",31,"${x}px ${y}px"
"src\build\components\loadout\ThrowableSprite.jsx",7,"../../utils/sprites/throwablesSprites"
"src\build\components\loadout\ThrowableSprite.jsx",28,"url(${THROWABLE_SPRITE_URL})"
"src\build\components\loadout\ThrowableSprite.jsx",29,"no-repeat"
"src\build\components\loadout\ThrowableSprite.jsx",30,"${bgW}px ${bgH}px"
"src\build\components\loadout\ThrowableSprite.jsx",31,"${x}px ${y}px"
"src\build\components\loadout\ToolSprite.jsx",7,"../../utils/sprites/toolsSprites"
"src\build\components\loadout\ToolSprite.jsx",28,"url(${TOOL_SPRITE_URL})"
"src\build\components\loadout\ToolSprite.jsx",29,"no-repeat"
"src\build\components\loadout\ToolSprite.jsx",30,"${bgW}px ${bgH}px"
"src\build\components\loadout\ToolSprite.jsx",31,"${x}px ${y}px"
"src\build\components\loadout\WeaponSlotEditor.jsx",9,"../../utils/weaponTypeLabels"
"src\build\components\loadout\WeaponSlotEditor.jsx",82,"Select weapon…"
"src\build\components\loadout\WeaponSlotEditor.jsx",89,"Select ${label} weapon"
"src\build\components\skills\SkillCard.jsx",34,"none"
"src\build\components\skills\SkillCard.jsx",35,"locked"
"src\build\components\skills\SkillCard.jsx",36,"aced"
"src\build\components\skills\SkillCard.jsx",37,"base"
"src\build\components\skills\SkillCard.jsx",54,"touch"
"src\build\components\skills\SkillCard.jsx",70,"touch"
"src\build\components\skills\SkillCard.jsx",82,"touch"
"src\build\components\skills\SkillCard.jsx",115,"/icons/acegreen.svg"
"src\build\components\skills\SkillCard.jsx",115,"/icons/ace.svg"
"src\build\components\skills\SkillCard.jsx",144,"/icons/aceborder.svg"
"src\build\components\skills\SkillCard.jsx",147,"true"
"src\build\components\skills\SkillCard.jsx",156,"/icons/padlock.png"
"src\build\components\skills\SkillCard.jsx",157,"Locked"
"src\build\components\skills\SkillCard.jsx",165,"button"
"src\build\components\skills\SkillCard.jsx",175,"Info"
"src\build\components\skills\SkillCard.jsx",176,"Info"
"src\build\components\skills\SkillCard.jsx",191,"Aced"
"src\build\components\skills\SkillCard.jsx",191,"Ace available"
"src\build\components\skills\SkillDetailsPanel.jsx",47,"/icons/padlock.png"
"src\build\components\skills\SkillGroupSprite.jsx",7,"../../utils/sprites/skillGroupSprites"
"src\build\components\skills\SkillGroupSprite.jsx",28,"url(${SKILL_GROUP_SPRITE_URL})"
"src\build\components\skills\SkillGroupSprite.jsx",29,"no-repeat"
"src\build\components\skills\SkillGroupSprite.jsx",30,"${bgW}px ${bgH}px"
"src\build\components\skills\SkillGroupSprite.jsx",31,"${x}px ${y}px"
"src\build\components\skills\SkillsEditor.jsx",17,"undefined"
"src\build\components\skills\SkillsEditor.jsx",22,"undefined"
"src\build\components\skills\SkillsEditor.jsx",266,"Tier ${tier} locked"
"src\build\components\skills\SkillsEditor.jsx",275,"Skill points: ${totalPoints}/${MAX_SKILL_POINTS}"
"src\build\components\skills\SkillsEditor.jsx",282,"Skill points: ${totalPoints}/${MAX_SKILL_POINTS}"
"src\build\components\skills\SkillsEditor.jsx",298,"Removing this skill would lock an active tier"
"src\build\components\skills\SkillsEditor.jsx",438,"clearCategory"
"src\build\components\skills\SkillsEditor.jsx",443,"clearAll"
"src\build\components\skills\SkillsEditor.jsx",448,"clearCategory"
"src\build\components\skills\SkillsEditor.jsx",465,"clearAll"
"src\build\components\skills\SkillsEditor.jsx",502,"button"
"src\build\components\skills\SkillsEditor.jsx",510,"button"
"src\build\components\skills\SkillsEditor.jsx",521,"clearAll"
"src\build\components\skills\SkillsEditor.jsx",526,"clearAll"
"src\build\components\skills\SkillsEditor.jsx",551,"button"
"src\build\components\skills\SkillsEditor.jsx",587,"/bg/groupbg-${activeGroup.groupId}-${idx + 1}-v1.svg"
"src\build\components\skills\SkillsEditor.jsx",593,"--tree-bg"
"src\build\components\skills\SkillsEditor.jsx",593,"url(${treeBgUrl})"
"src\build\components\skills\SkillsEditor.jsx",594,"--tier-col-width"
"src\build\components\skills\SkillsEditor.jsx",594,"32px"
"src\build\components\skills\SkillsEditor.jsx",595,"--bg-offset-y"
"src\build\components\skills\SkillsEditor.jsx",595,"12px"
"src\build\components\skills\SkillsEditor.jsx",633,"/bg/groupbg-${activeGroup.groupId}-${idx + 1}-v1.svg"
"src\build\components\skills\SkillsEditor.jsx",640,"--tree-bg"
"src\build\components\skills\SkillsEditor.jsx",640,"url(${treeBgUrl})"
"src\build\components\skills\SkillsEditor.jsx",641,"--tier-col-width"
"src\build\components\skills\SkillsEditor.jsx",641,"32px"
"src\build\components\skills\SkillsEditor.jsx",642,"--bg-offset-y"
"src\build\components\skills\SkillsEditor.jsx",642,"12px"
"src\build\components\skills\SkillSprite.jsx",7,"../../utils/sprites/skillsSprites"
"src\build\components\skills\SkillSprite.jsx",28,"url(${SKILL_SPRITE_URL})"
"src\build\components\skills\SkillSprite.jsx",29,"no-repeat"
"src\build\components\skills\SkillSprite.jsx",30,"${bgW}px ${bgH}px"
"src\build\components\skills\SkillSprite.jsx",31,"${x}px ${y}px"
"src\build\components\skills\SkillTreeGrid.jsx",7,"p1"
"src\build\components\skills\SkillTreeGrid.jsx",8,"p2"
"src\build\components\skills\SkillTreeGrid.jsx",9,"p3"
"src\build\components\skills\SkillTreeGrid.jsx",10,"p4"
"src\build\components\skills\SkillTreeGrid.jsx",11,"p5"
"src\build\components\skills\SkillTreeGrid.jsx",12,"p6"
"src\build\components\skills\SkillTreeGrid.jsx",159,"p1"
"src\build\components\weapons\WeaponCard.jsx",23,"randomizer.label.randomizing"
"src\build\components\weapons\WeaponCard.jsx",29,"item-picker"
"src\build\components\weapons\WeaponCard.jsx",37,"Select weapon"
"src\build\components\weapons\WeaponCard.jsx",38,"randomizer"
"src\build\components\weapons\WeaponCard.jsx",38,"Randomize weapon"
"src\build\components\weapons\WeaponCard.jsx",38,"Select weapon"
"src\build\components\weapons\WeaponModsModal.jsx",13,"Magazine"
"src\build\components\weapons\WeaponModsModal.jsx",26,"$1 $2"
"src\build\components\weapons\WeaponModsModal.jsx",136,"success"
"src\build\components\weapons\WeaponModsModal.jsx",142,"error"
"src\build\components\weapons\WeaponModsModal.jsx",172,"Edit mods – ${weaponDef.name}"
"src\build\components\weapons\WeaponModsModal.jsx",173,"720px"
"src\build\components\weapons\WeaponModsModal.jsx",189,"/auth"
"src\build\components\weapons\WeaponModsModal.jsx",252,"""}"
"src\build\components\weapons\WeaponModsModal.jsx",274,"520px"
"src\build\components\weapons\WeaponModSprite.jsx",7,"../../utils/sprites/weaponModsSprites"
"src\build\components\weapons\WeaponModSprite.jsx",29,"url(${WEAPON_MOD_SPRITE_URL})"
"src\build\components\weapons\WeaponModSprite.jsx",30,"no-repeat"
"src\build\components\weapons\WeaponModSprite.jsx",31,"${bgW}px ${bgH}px"
"src\build\components\weapons\WeaponModSprite.jsx",32,"${x}px ${y}px"
"src\build\components\weapons\WeaponSprite.jsx",7,"../../utils/sprites/weaponSprites"
"src\build\components\weapons\WeaponSprite.jsx",17,"height"
"src\build\components\weapons\WeaponSprite.jsx",31,"url(${WEAPON_SPRITE_URL})"
"src\build\components\weapons\WeaponSprite.jsx",32,"no-repeat"
"src\build\components\weapons\WeaponSprite.jsx",33,"${bgW}px ${bgH}px"
"src\build\components\weapons\WeaponSprite.jsx",34,"${x}px ${y}px"
"src\build\utils\armor.utils.js",53,"ARMOR_NOT_FOUND"
"src\build\utils\armor.utils.js",54,"Armor ${armorKey} no encontrada"
"src\build\utils\armor.utils.js",65,"ARMOR_PLATES_SLOT_MISMATCH"
"src\build\utils\armor.utils.js",66,"Armor ${armorKey} requiere ${maxPlates} slots (${plates.length})"
"src\build\utils\armor.utils.js",75,"PLATE_UNKNOWN"
"src\build\utils\armor.utils.js",76,"Plate desconocida en slot ${i + 1}: ${p}"
"src\build\utils\armor.utils.js",90,"object"
"src\build\utils\armor.utils.js",94,"object"
"src\build\utils\loadout.utils.js",18,"primary"
"src\build\utils\loadout.utils.js",18,"secondary"
"src\build\utils\loadout.utils.js",56,"barrel"
"src\build\utils\loadout.utils.js",63,"object"
"src\build\utils\loadout.utils.js",82,"mod"
"src\build\utils\loadout.utils.js",148,"primary"
"src\build\utils\loadout.utils.js",148,"secondary"
"src\build\utils\loadout.utils.js",155,"WEAPON_NOT_FOUND"
"src\build\utils\loadout.utils.js",156,"Weapon ${slot.weaponKey} no encontrada"
"src\build\utils\loadout.utils.js",173,"MOD_SLOT_INVALID"
"src\build\utils\loadout.utils.js",174,"Mod slot inválido (${slotName}): ${modSlot}"
"src\build\utils\loadout.utils.js",181,"MOD_ID_INVALID"
"src\build\utils\loadout.utils.js",182,"Mod id inválido (${slotName}/${modSlot}): ${modId}"
"src\build\utils\loadout.utils.js",195,"object"
"src\build\utils\loadout.utils.js",200,"primary"
"src\build\utils\loadout.utils.js",200,"secondary"
"src\build\utils\loadout.utils.js",202,"object"
"src\build\utils\loadout.utils.js",205,"object"
"src\build\utils\loadout.utils.js",212,"overkill"
"src\build\utils\loadout.utils.js",212,"throwable"
"src\build\utils\loadout.utils.js",212,"deployable"
"src\build\utils\loadout.utils.js",212,"tool"
"src\build\utils\loadout.utils.js",212,"armor"
"src\build\utils\loadout.utils.js",214,"object"
"src\build\utils\loadout.utils.js",216,"object"
"src\build\utils\loadout.utils.js",229,"object"
"src\build\utils\loadout.utils.js",242,"default"
"src\build\utils\loadout.utils.js",248,"Mod"
"src\build\utils\loadout.utils.js",260,"None"
"src\build\utils\loadout.utils.js",264,"None"
"src\build\utils\loadout.utils.js",283,"primary"
"src\build\utils\loadout.utils.js",283,"secondary"
"src\build\utils\loadout.utils.js",284,"string"
"src\build\utils\loadout.utils.js",293,"overkill"
"src\build\utils\loadout.utils.js",298,"throwable"
"src\build\utils\loadout.utils.js",303,"deployable"
"src\build\utils\loadout.utils.js",308,"tool"
"src\build\utils\loadout.utils.js",308,"tool"
"src\build\utils\loadout.utils.js",313,"armor"
"src\build\utils\loadout.utils.js",313,"armor"
"src\build\utils\skillScaling.utils.jsx",27,"Computed"
"src\build\utils\skillScaling.utils.jsx",34,"rate"
"src\build\utils\skillScaling.utils.jsx",90,"<Enemy>"
"src\build\utils\skillScaling.utils.jsx",149,"string"
"src\build\utils\skillScaling.utils.jsx",194,"Computed"
"src\build\utils\skillScaling.utils.jsx",236,"\n"
"src\build\utils\skillScaling.utils.jsx",237,"\n"
"src\build\utils\skillScaling.utils.jsx",247,"{${computedToken}}"
"src\build\utils\skillScaling.utils.jsx",266,"\n"
"src\build\utils\skillScaling.utils.jsx",280,"Totals"
"src\build\utils\skillScaling.utils.jsx",281,"Total"
"src\build\utils\skillScaling.utils.jsx",285,"unmarked targets"
"src\build\utils\skillScaling.utils.jsx",286,"marked targets"
"src\build\utils\skillScaling.utils.jsx",314,"\n"
"src\build\utils\skillText.utils.js",5,"rate"
"src\build\utils\skillText.utils.js",23,""").replace(/<\/>/g,"
"src\build\utils\skillText.utils.js",31,"$1"
"src\build\utils\skillText.utils.js",40,"{X}|plural(one=time,other=times)"
"src\build\utils\skillText.utils.js",53,"{Key}|plural(one=...,other=...)"
"src\build\utils\skillText.utils.js",62,"{X}|plural(...)"
"src\build\utils\skillText.utils.js",73,"{${key}} ${pluralWord}"
"src\build\utils\skillText.utils.js",81,"Computed..."
"src\build\utils\skillText.utils.js",82,"Computed"
"src\build\utils\skillText.utils.js",84,"{${key}}"
"src\build\utils\skillText.utils.js",95,"\n"
"src\build\utils\skillText.utils.js",98,"\n\n"
"src\build\utils\skillTree.utils.js",20,"unknown"
"src\build\utils\skillTree.utils.js",26,"Tree ${treeId}"
"src\build\utils\skillTree.utils.js",68,"object"
"src\build\utils\sprites\armorsSprites.js",4,"/sprites/armorsNew.png"
"src\build\utils\sprites\deployablesSprites.js",4,"/sprites/deployables.png"
"src\build\utils\sprites\heistsImages.js",5,"../../assets/heists/*.webp"
"src\build\utils\sprites\heistsImages.js",6,"default"
"src\build\utils\sprites\heistsImages.js",9,"/src/assets/heists/*.webp"
"src\build\utils\sprites\heistsImages.js",10,"default"
"src\build\utils\sprites\heistsImages.js",17,"And"
"src\build\utils\sprites\heistsImages.js",21,"No Rest For The Wicked"
"src\build\utils\sprites\overkillsSprites.js",4,"/sprites/weapons.png"
"src\build\utils\sprites\platesSprites.js",1,"/sprites/armorsNew.png"
"src\build\utils\sprites\skillGroupSprites.js",1,"/sprites/skill-groups.png"
"src\build\utils\sprites\skillsSprites.js",1,"/sprites/skillsNew.png"
"src\build\utils\sprites\throwablesSprites.js",4,"/sprites/throwables.png"
"src\build\utils\sprites\toolsSprites.js",4,"/sprites/tools.png"
"src\build\utils\sprites\weaponModsSprites.js",1,"/sprites/weapon-mod-slots.png"
"src\build\utils\sprites\weaponSprites.js",4,"/sprites/weapons.png"
"src\build\utils\weaponTypeLabels.js",3,"Assault Rifle"
"src\build\utils\weaponTypeLabels.js",4,"SMG"
"src\build\utils\weaponTypeLabels.js",5,"LMG"
"src\build\utils\weaponTypeLabels.js",6,"Marksman Rifle"
"src\build\utils\weaponTypeLabels.js",7,"Sniper Rifle"
"src\build\utils\weaponTypeLabels.js",8,"Machine Pistol"
"src\build\utils\weaponTypeLabels.js",32,"assaultrifle"
"src\build\utils\weaponTypeLabels.js",33,"smg"
"src\build\utils\weaponTypeLabels.js",34,"shotgun"
"src\build\utils\weaponTypeLabels.js",35,"marksman"
"src\build\utils\weaponTypeLabels.js",36,"sniperrifle"
"src\build\utils\weaponTypeLabels.js",37,"lmg"
"src\build\utils\weaponTypeLabels.js",38,"pistol"
"src\build\utils\weaponTypeLabels.js",39,"revolver"
"src\build\utils\weaponTypeLabels.js",40,"machinepistol"
"src\build\utils\weaponTypeLabels.js",41,"shotgun_secondary"
"src\build\utils\weaponTypes.utils.js",7,"Assault Rifle"
"src\build\utils\weaponTypes.utils.js",8,"Shotgun"
"src\build\utils\weaponTypes.utils.js",9,"SMG"
"src\build\utils\weaponTypes.utils.js",10,"Marksman Rifle"
"src\build\utils\weaponTypes.utils.js",11,"Sniper Rifle"
"src\build\utils\weaponTypes.utils.js",12,"LMG"
"src\build\utils\weaponTypes.utils.js",14,"Pistol"
"src\build\utils\weaponTypes.utils.js",15,"Revolver"
"src\build\utils\weaponTypes.utils.js",16,"Machine Pistol"
"src\build\utils\weaponTypes.utils.js",17,"Shotgun"
"src\build\utils\weaponTypes.utils.js",38,"assaultrifle"
"src\build\utils\weaponTypes.utils.js",39,"smg"
"src\build\utils\weaponTypes.utils.js",40,"shotgun"
"src\build\utils\weaponTypes.utils.js",41,"marksmanrifle"
"src\build\utils\weaponTypes.utils.js",42,"sniperrifle"
"src\build\utils\weaponTypes.utils.js",43,"lmg"
"src\build\utils\weaponTypes.utils.js",45,"pistol"
"src\build\utils\weaponTypes.utils.js",46,"revolver"
"src\build\utils\weaponTypes.utils.js",47,"machinepistol"
"src\build\utils\weaponTypes.utils.js",48,"shotgun_secondary"
"src\components\ConfirmModal.jsx",9,"modal.actions.confirm"
"src\components\ConfirmModal.jsx",10,"modal.actions.cancel"
"src\components\Header.jsx",37,"Payday 3 Logo"
"src\components\Header.jsx",49,"/auth"
"src\components\LibraryBackupTools.jsx",15,"pd3_library_backup_v1"
"src\components\LibraryBackupTools.jsx",23,"application/json"
"src\components\LibraryBackupTools.jsx",28,"pd3_library_backup_${uid}.json"
"src\components\LibraryBackupTools.jsx",66,"MERGE"
"src\components\LibraryBackupTools.jsx",70,"OVERWRITE"
"src\components\LibraryBackupTools.jsx",74,"REPLACE_ALL"
"src\components\LibraryBackupTools.jsx",95,"REPLACE_ALL"
"src\components\LibraryBackupTools.jsx",98,"users"
"src\components\LibraryBackupTools.jsx",98,"builds"
"src\components\LibraryBackupTools.jsx",122,"MERGE"
"src\components\LibraryBackupTools.jsx",140,"flex"
"src\components\LibraryBackupTools.jsx",141,"10px"
"src\components\LibraryBackupTools.jsx",142,"center"
"src\components\LibraryBackupTools.jsx",143,"wrap"
"src\components\LibraryBackupTools.jsx",156,"MERGE"
"src\components\LibraryBackupTools.jsx",157,"OVERWRITE"
"src\components\LibraryBackupTools.jsx",158,"REPLACE_ALL"
"src\components\LibraryBackupTools.jsx",163,"file"
"src\components\LibraryBackupTools.jsx",164,"application/json"
"src\components\MigrationPrompt.jsx",20,"pd3_migration_prompt_dismissed"
"src\components\MigrationPrompt.jsx",81,"Failed to migrate builds. Please try again."
"src\components\MigrationPrompt.jsx",89,"pd3_migration_prompt_dismissed"
"src\components\MigrationPrompt.jsx",105,"Close"
"src\components\MigrationPrompt.jsx",128,"Migrating builds…"
"src\components\ScrollArrow.jsx",39,"smooth"
"src\components\ShareQRModal.jsx",21,"Close"
"src\components\ShareQRModal.jsx",40,"#000000"
"src\components\ShareQRModal.jsx",41,"#ffffff"
"src\components\ShareQRModal.jsx",44,"/icons/icon-192.png"
"src\components\ShareQRModal.jsx",45,"PD3"
"src\components\SkillSection.jsx",75,"/catalog/category/${skill.skill_category_id}"
"src\components\SkillSection.jsx",81,"/catalog/tree/${skill.skill_tree_id}"
"src\components\Spinner.jsx",6,"md"
"src\components\Spinner.jsx",7,"spinner.loading"
"src\context\ToastContext.jsx",16,"info"
"src\context\ToastContext.jsx",38,"success"
"src\context\ToastContext.jsx",40,"error"
"src\context\ToastContext.jsx",55,"useToast must be used within ToastProvider"
"src\data\armor.js",1,"Specialist"
"src\data\armor.js",1,"Saboteur"
"src\data\armor.js",1,"Mercenary"
"src\data\armor.js",1,"Medtech"
"src\data\armor.js",2,"Resistant"
"src\data\armor.js",2,"Adaptive"
"src\data\armor.js",2,"Impact"
"src\data\equipment.js",2,"Frag Grenade"
"src\data\equipment.js",2,"Flashbang Grenade"
"src\data\equipment.js",2,"Throwing Knife"
"src\data\equipment.js",3,"Smoke Grenade"
"src\data\equipment.js",3,"Shock Grenade"
"src\data\equipment.js",6,"Ammo Bag"
"src\data\equipment.js",6,"Medic Bag"
"src\data\equipment.js",6,"Armor Bag"
"src\data\equipment.js",6,"Sentry Turret"
"src\data\equipment.js",8,"Micro Cam"
"src\data\equipment.js",8,"Infrasonic Mine"
"src\data\equipment.js",8,"ECM Jammer"
"src\data\equipment.js",8,"Motion Sensor"
"src\data\equipment.js",8,"Trip Laser"
"src\data\heists.js",2,"99 Boxes"
"src\data\heists.js",3,"Bank Withdrawal"
"src\data\heists.js",4,"Boys In Blue"
"src\data\heists.js",5,"Cook Off"
"src\data\heists.js",6,"Delivery Charge"
"src\data\heists.js",7,"Diamond District"
"src\data\heists.js",8,"Dirty Ice"
"src\data\heists.js",9,"Fear & Greed"
"src\data\heists.js",10,"First World Bank"
"src\data\heists.js",11,"Gold & Sharke"
"src\data\heists.js",12,"Houston Breakout"
"src\data\heists.js",13,"No Rest For The Wicked"
"src\data\heists.js",14,"Party Powder"
"src\data\heists.js",15,"Road Rage"
"src\data\heists.js",16,"Rock The Cradle"
"src\data\heists.js",17,"Search And Seizure"
"src\data\heists.js",18,"Shopping Spree"
"src\data\heists.js",19,"Syntax Error"
"src\data\heists.js",20,"Touch The Sky"
"src\data\heists.js",21,"Turbid Station"
"src\data\heists.js",22,"Under The Surphaze"
"src\data\index.js",8,"./armor.js"
"src\data\index.js",32,"primary"
"src\data\index.js",33,"secondary"
"src\data\index.js",42,"Marcom Mamba MGL"
"src\data\index.js",43,"HET-5 Red Fox"
"src\data\index.js",44,"M135 Arges"
"src\data\index.js",45,"Interceptor"
"src\data\index.js",46,"Sociopath"
"src\data\weapons.js",7,"CAR-4"
"src\data\weapons.js",7,"Assault Rifle"
"src\data\weapons.js",7,"primary"
"src\data\weapons.js",8,"Northwest B-9"
"src\data\weapons.js",8,"Assault Rifle"
"src\data\weapons.js",8,"primary"
"src\data\weapons.js",9,"KU-59"
"src\data\weapons.js",9,"Assault Rifle"
"src\data\weapons.js",9,"primary"
"src\data\weapons.js",10,"VF-7S"
"src\data\weapons.js",10,"Assault Rifle"
"src\data\weapons.js",10,"primary"
"src\data\weapons.js",11,"Adelig RG5"
"src\data\weapons.js",11,"Assault Rifle"
"src\data\weapons.js",11,"primary"
"src\data\weapons.js",12,"Chanit S3"
"src\data\weapons.js",12,"Assault Rifle"
"src\data\weapons.js",12,"primary"
"src\data\weapons.js",17,"Blyspruta MX63"
"src\data\weapons.js",17,"LMG"
"src\data\weapons.js",17,"primary"
"src\data\weapons.js",22,"SA A144"
"src\data\weapons.js",22,"Marksman Rifle"
"src\data\weapons.js",22,"primary"
"src\data\weapons.js",23,"Reinfeld 900S"
"src\data\weapons.js",23,"Marksman Rifle"
"src\data\weapons.js",23,"primary"
"src\data\weapons.js",24,"Spearfish 1895"
"src\data\weapons.js",24,"Marksman Rifle"
"src\data\weapons.js",24,"primary"
"src\data\weapons.js",25,"FIK-22 TLR"
"src\data\weapons.js",25,"Marksman Rifle"
"src\data\weapons.js",25,"primary"
"src\data\weapons.js",30,"Reinfeld 880"
"src\data\weapons.js",30,"Shotgun"
"src\data\weapons.js",30,"primary"
"src\data\weapons.js",31,"Mosconi 12 Classic"
"src\data\weapons.js",31,"Shotgun"
"src\data\weapons.js",31,"primary"
"src\data\weapons.js",32,"FSA-12G"
"src\data\weapons.js",32,"Shotgun"
"src\data\weapons.js",32,"primary"
"src\data\weapons.js",33,"M7 Pursuivant"
"src\data\weapons.js",33,"Shotgun"
"src\data\weapons.js",33,"primary"
"src\data\weapons.js",34,"TAS-12"
"src\data\weapons.js",34,"Shotgun"
"src\data\weapons.js",34,"primary"
"src\data\weapons.js",39,"FIK PC9"
"src\data\weapons.js",39,"SMG"
"src\data\weapons.js",39,"primary"
"src\data\weapons.js",40,"Ziv Commando"
"src\data\weapons.js",40,"SMG"
"src\data\weapons.js",40,"primary"
"src\data\weapons.js",41,"SG Compact-7"
"src\data\weapons.js",41,"SMG"
"src\data\weapons.js",41,"primary"
"src\data\weapons.js",42,"WAR-45"
"src\data\weapons.js",42,"SMG"
"src\data\weapons.js",42,"primary"
"src\data\weapons.js",43,"ATK-7"
"src\data\weapons.js",43,"SMG"
"src\data\weapons.js",43,"primary"
"src\data\weapons.js",48,"Signature 40"
"src\data\weapons.js",48,"Pistol"
"src\data\weapons.js",48,"secondary"
"src\data\weapons.js",49,"Stryk 7"
"src\data\weapons.js",49,"Pistol"
"src\data\weapons.js",49,"secondary"
"src\data\weapons.js",50,"SP Model 11"
"src\data\weapons.js",50,"Pistol"
"src\data\weapons.js",50,"secondary"
"src\data\weapons.js",51,"Signature 403"
"src\data\weapons.js",51,"Pistol"
"src\data\weapons.js",51,"secondary"
"src\data\weapons.js",52,"Tribune 32"
"src\data\weapons.js",52,"Pistol"
"src\data\weapons.js",52,"secondary"
"src\data\weapons.js",53,"Picchio Duro 5"
"src\data\weapons.js",53,"Pistol"
"src\data\weapons.js",53,"secondary"
"src\data\weapons.js",54,"Garstini Viper .50AE"
"src\data\weapons.js",54,"Pistol"
"src\data\weapons.js",54,"secondary"
"src\data\weapons.js",55,"Jackknife SE5"
"src\data\weapons.js",55,"Pistol"
"src\data\weapons.js",55,"secondary"
"src\data\weapons.js",60,"J&M Castigo 44"
"src\data\weapons.js",60,"Revolver"
"src\data\weapons.js",60,"secondary"
"src\data\weapons.js",61,"Sforza Bison"
"src\data\weapons.js",61,"Revolver"
"src\data\weapons.js",61,"secondary"
"src\data\weapons.js",62,"Bullkick 500"
"src\data\weapons.js",62,"Revolver"
"src\data\weapons.js",62,"secondary"
"src\data\weapons.js",67,"Justicar"
"src\data\weapons.js",67,"Shotgun"
"src\data\weapons.js",67,"secondary"
"src\features\catalog\Catalog.jsx",210,"/library-explorer"
"src\features\catalog\Catalog.jsx",234,"divider"
"src\features\catalog\Catalog.jsx",250,"skillDescriptionSearch"
"src\features\catalog\Catalog.jsx",255,"weaponType"
"src\features\catalog\Catalog.jsx",262,"category"
"src\features\catalog\Catalog.jsx",263,"/catalog/category/${s.groupId}"
"src\features\catalog\Catalog.jsx",268,"tree"
"src\features\catalog\Catalog.jsx",269,"/catalog/tree/${s.treeId}"
"src\features\catalog\Catalog.jsx",273,"/catalog/${s.key}"
"src\features\catalog\Catalog.jsx",278,"weaponType"
"src\features\catalog\Catalog.jsx",307,"//${selectedCategory.name.toUpperCase()}"
"src\features\catalog\Catalog.jsx",322,"//${selectedTree.name.toUpperCase()}"
"src\features\catalog\Catalog.jsx",347,"checkbox"
"src\features\catalog\components\ArmorStatsSection.jsx",39,"Stat"
"src\features\catalog\components\ArmorStatsSection.jsx",39,"Value"
"src\features\catalog\components\common\StatsGrid.jsx",25,"1fr"
"src\features\catalog\components\common\StatsGrid.jsx",47,"number"
"src\features\catalog\components\DeployableStatsSection.jsx",18,"Stat"
"src\features\catalog\components\DeployableStatsSection.jsx",18,"Value"
"src\features\catalog\components\GenericItemDetailsCard.jsx",55,"primary"
"src\features\catalog\components\GenericItemDetailsCard.jsx",56,"secondary"
"src\features\catalog\components\GenericItemDetailsCard.jsx",57,"overkill"
"src\features\catalog\components\GenericItemDetailsCard.jsx",60,"armor"
"src\features\catalog\components\GenericItemDetailsCard.jsx",63,"plate"
"src\features\catalog\components\GenericItemDetailsCard.jsx",66,"throwable"
"src\features\catalog\components\GenericItemDetailsCard.jsx",69,"deployable"
"src\features\catalog\components\GenericItemDetailsCard.jsx",72,"tool"
"src\features\catalog\components\GenericItemDetailsCard.jsx",75,"skill"
"src\features\catalog\components\GenericItemDetailsCard.jsx",85,"skill"
"src\features\catalog\components\GenericItemDetailsCard.jsx",88,"primary"
"src\features\catalog\components\GenericItemDetailsCard.jsx",89,"secondary"
"src\features\catalog\components\GenericItemDetailsCard.jsx",92,"overkill"
"src\features\catalog\components\GenericItemDetailsCard.jsx",95,"armor"
"src\features\catalog\components\GenericItemDetailsCard.jsx",98,"plate"
"src\features\catalog\components\OverkillsStatsSection.jsx",6,"II"
"src\features\catalog\components\OverkillsStatsSection.jsx",7,"III"
"src\features\catalog\components\OverkillsStatsSection.jsx",8,"IV"
"src\features\catalog\components\PlateStatsSection.jsx",28,"Stat"
"src\features\catalog\components\PlateStatsSection.jsx",28,"Value"
"src\features\catalog\components\SkillDescriptionResults.jsx",26,"/catalog/${skill.key}"
"src\features\catalog\components\ThrowableStatsSection.jsx",18,"Stat"
"src\features\catalog\components\ThrowableStatsSection.jsx",18,"Value"
"src\features\catalog\components\utils\computeWeaponStats.js",19,"default"
"src\features\catalog\components\utils\computeWeaponStats.js",61,"AmmoPickup"
"src\features\catalog\components\utils\computeWeaponStats.js",61,"object"
"src\features\catalog\components\utils\computeWeaponStats.js",62,"number"
"src\features\catalog\components\utils\computeWeaponStats.js",63,"number"
"src\features\catalog\components\utils\computeWeaponStats.js",68,"AmmoLoaded"
"src\features\catalog\components\utils\computeWeaponStats.js",69,"AmmoLoadedMax"
"src\features\catalog\components\utils\computeWeaponStats.js",70,"AmmoInventory"
"src\features\catalog\components\utils\computeWeaponStats.js",71,"AmmoInventoryMax"
"src\features\catalog\components\utils\computeWeaponStats.js",72,"AmmoPerReload"
"src\features\catalog\components\utils\computeWeaponStats.js",74,"number"
"src\features\catalog\components\utils\computeWeaponStats.js",79,"OverallSwapSpeed"
"src\features\catalog\components\utils\computeWeaponStats.js",80,"SprintExitPlayRate"
"src\features\catalog\components\utils\computeWeaponStats.js",81,"OverallReloadPlayRate"
"src\features\catalog\components\utils\computeWeaponStats.js",82,"TargetingTransitionTime"
"src\features\catalog\components\utils\computeWeaponStats.js",84,"number"
"src\features\catalog\components\utils\computeWeaponStats.js",88,"number"
"src\features\catalog\components\utils\computeWeaponStats.js",241,"Damage"
"src\features\catalog\components\utils\computeWeaponStats.js",242,"Armor Penetration"
"src\features\catalog\components\utils\computeWeaponStats.js",243,"RPM"
"src\features\catalog\components\utils\computeWeaponStats.js",245,"Mag: Size"
"src\features\catalog\components\utils\computeWeaponStats.js",246,"Mag: Starting Reserve"
"src\features\catalog\components\utils\computeWeaponStats.js",247,"Mag: Max Reserve"
"src\features\catalog\components\utils\computeWeaponStats.js",250,"Reload: Tactical"
"src\features\catalog\components\utils\computeWeaponStats.js",251,"Reload: Empty"
"src\features\catalog\components\utils\computeWeaponStats.js",253,"Swap: Draw"
"src\features\catalog\components\utils\computeWeaponStats.js",254,"Swap: Holster"
"src\features\catalog\components\utils\computeWeaponStats.js",256,"ADS: Targeting Speed"
"src\features\catalog\components\utils\computeWeaponStats.js",257,"ADS: Magnification"
"src\features\catalog\components\utils\computeWeaponStats.js",259,"Sprint Exit"
"src\features\catalog\components\utils\computeWeaponStats.js",261,"Gunkick: Horizontal"
"src\features\catalog\components\utils\computeWeaponStats.js",262,"Gunkick: Vertical"
"src\features\catalog\components\utils\computeWeaponStats.js",264,"Recoil: Horizontal"
"src\features\catalog\components\utils\computeWeaponStats.js",265,"Recoil: Vertical"
"src\features\catalog\components\utils\computeWeaponStats.js",266,"Recoil: Initial"
"src\features\catalog\components\utils\computeWeaponStats.js",287,"number"
"src\features\catalog\components\utils\computeWeaponStats.js",294,"number"
"src\features\catalog\components\utils\computeWeaponStats.js",303,"number"
"src\features\catalog\components\utils\computeWeaponStats.js",304,"number"
"src\features\catalog\components\utils\computeWeaponStats.js",307,"number"
"src\features\catalog\components\utils\computeWeaponStats.js",307,"number"
"src\features\catalog\components\utils\computeWeaponStats.js",319,"number"
"src\features\catalog\components\utils\computeWeaponStats.js",320,"number"
"src\features\catalog\components\utils\computeWeaponStats.js",323,"number"
"src\features\catalog\components\utils\computeWeaponStats.js",323,"number"
"src\features\catalog\components\utils\computeWeaponStats.js",328,"number"
"src\features\catalog\components\utils\computeWeaponStats.js",328,"${round(b, 3)}s"
"src\features\catalog\components\utils\computeWeaponStats.js",330,"number"
"src\features\catalog\components\utils\computeWeaponStats.js",330,"${round(f, 3)}s"
"src\features\catalog\components\utils\computeWeaponStats.js",339,"number"
"src\features\catalog\components\utils\computeWeaponStats.js",339,"number"
"src\features\catalog\components\utils\computeWeaponStats.js",340,"number"
"src\features\catalog\components\utils\computeWeaponStats.js",340,"number"
"src\features\catalog\components\utils\computeWeaponStats.js",340,"${min} - ${max}"
"src\features\catalog\components\utils\computeWeaponStats.js",341,"number"
"src\features\catalog\components\utils\computeWeaponStats.js",341,"${min}+"
"src\features\catalog\components\utils\computeWeaponStats.js",342,"0 - ${max}"
"src\features\catalog\components\utils\computeWeaponStats.js",346,"+${n}"
"src\features\catalog\components\utils\computeWeaponStats.js",346,"${n}"
"src\features\catalog\components\utils\computeWeaponStats.js",351,"number"
"src\features\catalog\components\utils\formatters.js",4,"${Math.round(value * 100)}%"
"src\features\catalog\components\utils\formatters.js",8,"${value}s"
"src\features\catalog\components\utils\formatters.js",12,"${value}m"
"src\features\catalog\components\utils\formatters.js",16,"${value}°"
"src\features\catalog\components\utils\formatters.js",22,"damageReduction"
"src\features\catalog\components\utils\formatters.js",26,"ammoCapacity"
"src\features\catalog\components\utils\formatters.js",28,"0%"
"src\features\catalog\components\utils\formatters.js",28,"+${pct}%"
"src\features\catalog\components\utils\formatters.js",28,"${pct}%"
"src\features\catalog\components\utils\formatters.js",37,"DamageReduction"
"src\features\catalog\components\utils\formatters.js",41,"RegenTime"
"src\features\catalog\components\utils\formatters.js",52,"number"
"src\features\catalog\components\utils\formatters.js",54,"Chance"
"src\features\catalog\components\utils\formatters.js",54,"Penetration"
"src\features\catalog\components\utils\formatters.js",60,"number"
"src\features\catalog\components\utils\formatters.js",61,"Cooldown"
"src\features\catalog\components\utils\formatters.js",61,"Time"
"src\features\catalog\components\utils\formatters.js",66,"Rotation"
"src\features\catalog\components\utils\formatters.js",70,"Distance"
"src\features\catalog\components\utils\formatters.js",70,"Range"
"src\features\catalog\components\utils\getWeaponsByTypeSelection.js",7,"primary"
"src\features\catalog\components\utils\getWeaponsByTypeSelection.js",7,"secondary"
"src\features\catalog\components\utils\newStatsFormat.js",7,"string"
"src\features\catalog\components\utils\newStatsFormat.js",22,"${value} (${formatNumber(parsed.total)})"
"src\features\catalog\components\utils\newStatsFormat.js",24,"number"
"src\features\catalog\components\utils\newStatsFormat.js",25,"string"
"src\features\catalog\components\utils\newStatsFormat.js",31,"number"
"src\features\catalog\components\utils\newStatsFormat.js",32,"string"
"src\features\catalog\components\utils\prettifyKey.js",3,"$1"
"src\features\catalog\components\utils\resolveCatalogItem.js",11,"skill"
"src\features\catalog\components\utils\resolveCatalogItem.js",22,"plate"
"src\features\catalog\components\utils\resolveCatalogItem.js",25,"primary"
"src\features\catalog\components\utils\resolveCatalogItem.js",26,"secondary"
"src\features\catalog\components\utils\resolveCatalogItem.js",27,"overkill"
"src\features\catalog\components\WeaponStatsSection.jsx",9,"Magazine"
"src\features\catalog\components\WeaponStatsSection.jsx",10,"Barrel"
"src\features\catalog\components\WeaponStatsSection.jsx",11,"BarrelExtension"
"src\features\catalog\components\WeaponStatsSection.jsx",12,"ForeGrip"
"src\features\catalog\components\WeaponStatsSection.jsx",13,"Stock"
"src\features\catalog\components\WeaponStatsSection.jsx",14,"Sight"
"src\features\catalog\components\WeaponStatsSection.jsx",15,"Receiver"
"src\features\catalog\components\WeaponStatsSection.jsx",16,"Grip"
"src\features\catalog\components\WeaponStatsSection.jsx",34,"object"
"src\features\catalog\components\WeaponStatsSection.jsx",37,"object"
"src\features\catalog\components\WeaponTypeComparisonSection.jsx",9,"./utils/newStatsFormat"
"src\features\catalog\components\WeaponTypeComparisonSection.jsx",12,"number"
"src\features\catalog\components\WeaponTypeComparisonSection.jsx",21,"name"
"src\features\catalog\components\WeaponTypeComparisonSection.jsx",22,"asc"
"src\features\catalog\components\WeaponTypeComparisonSection.jsx",33,"close"
"src\features\catalog\components\WeaponTypeComparisonSection.jsx",37,"medium"
"src\features\catalog\components\WeaponTypeComparisonSection.jsx",41,"far"
"src\features\catalog\components\WeaponTypeComparisonSection.jsx",45,"ap"
"src\features\catalog\components\WeaponTypeComparisonSection.jsx",54,"string"
"src\features\catalog\components\WeaponTypeComparisonSection.jsx",55,"asc"
"src\features\catalog\components\WeaponTypeComparisonSection.jsx",60,"asc"
"src\features\catalog\components\WeaponTypeComparisonSection.jsx",73,"asc"
"src\features\catalog\components\WeaponTypeComparisonSection.jsx",73,"desc"
"src\features\catalog\components\WeaponTypeComparisonSection.jsx",73,"asc"
"src\features\catalog\components\WeaponTypeComparisonSection.jsx",76,"desc"
"src\features\catalog\components\WeaponTypeComparisonSection.jsx",82,"asc"
"src\features\catalog\components\WeaponTypeComparisonSection.jsx",83,"asc"
"src\features\catalog\components\WeaponTypeComparisonSection.jsx",102,"name"
"src\features\catalog\components\WeaponTypeComparisonSection.jsx",111,"close"
"src\features\catalog\components\WeaponTypeComparisonSection.jsx",120,"medium"
"src\features\catalog\components\WeaponTypeComparisonSection.jsx",129,"far"
"src\features\catalog\components\WeaponTypeComparisonSection.jsx",138,"ap"
"src\features\compareBuilds\CompareBuilds.jsx",24,"pd3_compare_scroll"
"src\features\compareBuilds\CompareBuilds.jsx",33,"instant"
"src\features\compareBuilds\CompareBuilds.jsx",37,"pd3_compare_scroll"
"src\features\compareBuilds\CompareBuilds.jsx",80,"**"
"src\features\compareBuilds\CompareBuilds.jsx",80,"**"
"src\features\compareBuilds\CompareBuilds.jsx",90,"[["
"src\features\compareBuilds\CompareBuilds.jsx",90,"]]"
"src\features\compareBuilds\CompareBuilds.jsx",167,"skills"
"src\features\compareBuilds\components\ComparisonGrid.jsx",33,"pd3_compare_scroll"
"src\features\compareBuilds\components\ComparisonGrid.jsx",55,"skill"
"src\features\compareBuilds\components\ComparisonGrid.jsx",57,"/catalog/${r.key}"
"src\features\compareBuilds\components\ComparisonGrid.jsx",62,"pd3_compare_scroll"
"src\features\compareBuilds\utils\compareBuildGroup.js",9,"tool"
"src\features\compareBuilds\utils\compareBuildGroup.js",9,"deployable"
"src\features\compareBuilds\utils\compareBuildGroup.js",9,"throwable"
"src\features\compareBuilds\utils\compareBuildGroup.js",9,"overkill"
"src\features\compareBuilds\utils\compareBuildGroup.js",10,"primary"
"src\features\compareBuilds\utils\compareBuildGroup.js",10,"secondary"
"src\features\compareBuilds\utils\compareBuildGroup.js",10,"overkill"
"src\features\compareBuilds\utils\compareBuildGroup.js",11,"armor"
"src\features\compareBuilds\utils\compareBuildGroup.js",20,"object"
"src\features\compareBuilds\utils\compareBuildGroup.js",29,"slot 4"
"src\features\compareBuilds\utils\compareBuildGroup.js",30,"Build ${idx + 1}"
"src\features\compareBuilds\utils\compareBuildGroup.js",34,"${build.slot} ·"
"src\features\compareBuilds\utils\compareBuildGroup.js",36,"${slot} ${name}"
"src\features\compareBuilds\utils\compareBuildGroup.js",51,"base"
"src\features\compareBuilds\utils\compareBuildGroup.js",51,"aced"
"src\features\compareBuilds\utils\compareBuildGroup.js",53,"object"
"src\features\compareBuilds\utils\compareBuildGroup.js",60,"base"
"src\features\compareBuilds\utils\compareBuildGroup.js",64,"object"
"src\features\compareBuilds\utils\compareBuildGroup.js",67,"aced"
"src\features\compareBuilds\utils\compareBuildGroup.js",68,"base"
"src\features\compareBuilds\utils\compareBuildGroup.js",93,"object"
"src\features\compareBuilds\utils\compareBuildGroup.js",108,"object"
"src\features\compareBuilds\utils\compareBuildGroup.js",120,"object"
"src\features\compareBuilds\utils\compareBuildGroup.js",122,"object"
"src\features\compareBuilds\utils\compareBuildGroup.js",140,"base"
"src\features\compareBuilds\utils\compareBuildGroup.js",140,"aced"
"src\features\compareBuilds\utils\compareBuildGroup.js",185,"__NONE__"
"src\features\compareBuilds\utils\compareBuildGroup.js",191,"__NONE__"
"src\features\compareBuilds\utils\compareBuildGroup.js",209,"__NONE__"
"src\features\compareBuilds\utils\compareBuildGroup.js",215,"__NONE__"
"src\features\compareBuilds\utils\compareBuildGroup.js",247,"__NONE__"
"src\features\compareBuilds\utils\compareBuildGroup.js",251,"__NONE__"
"src\features\compareBuilds\utils\compareBuildGroup.js",255,"__NONE__"
"src\features\compareBuilds\utils\compareBuildGroup.js",298,"skill"
"src\features\compareBuilds\utils\compareBuildGroup.js",301,"presence"
"src\features\compareBuilds\utils\compareBuildGroup.js",314,"skill"
"src\features\compareBuilds\utils\compareBuildGroup.js",317,"level"
"src\features\compareBuilds\utils\compareBuildGroup.js",323,"presence"
"src\features\compareBuilds\utils\compareBuildGroup.js",336,"__NONE__"
"src\features\compareBuilds\utils\compareBuildGroup.js",341,"None"
"src\features\compareBuilds\utils\compareBuildGroup.js",358,"${slot}:weaponKey"
"src\features\compareBuilds\utils\compareBuildGroup.js",359,"${slot} weaponKey"
"src\features\compareBuilds\utils\compareBuildGroup.js",361,"weapon"
"src\features\compareBuilds\utils\compareBuildGroup.js",372,"${slot}:preset"
"src\features\compareBuilds\utils\compareBuildGroup.js",373,"${slot} preset"
"src\features\compareBuilds\utils\compareBuildGroup.js",375,"weaponPreset"
"src\features\compareBuilds\utils\compareBuildGroup.js",379,"None"
"src\features\compareBuilds\utils\compareBuildGroup.js",379,"Preset ${v}"
"src\features\compareBuilds\utils\compareBuildGroup.js",386,"${slot}:mods"
"src\features\compareBuilds\utils\compareBuildGroup.js",387,"${slot} mods"
"src\features\compareBuilds\utils\compareBuildGroup.js",389,"weaponMods"
"src\features\compareBuilds\utils\compareBuildGroup.js",393,"None"
"src\features\compareBuilds\utils\compareBuildGroup.js",409,"compareBuildGroup: provide at least 2 builds."
"src\features\compareBuilds\utils\compareBuildGroup.js",412,"compareBuildGroup: max ${MAX_BUILDS} builds supported."
"src\features\compareBuilds\utils\compareBuildGroup.js",418,"Unnamed build"
"src\features\compareBuilds\utils\compareBuildGroup.js",452,"loadout:${slot}"
"src\features\compareBuilds\utils\compareBuildGroup.js",455,"loadout"
"src\features\compareBuilds\utils\compareBuildGroup.js",466,"armor:key"
"src\features\compareBuilds\utils\compareBuildGroup.js",467,"armor key"
"src\features\compareBuilds\utils\compareBuildGroup.js",469,"armor"
"src\features\compareBuilds\utils\compareBuildGroup.js",470,"armor"
"src\features\compareBuilds\utils\compareBuildGroup.js",479,"armor:plates"
"src\features\compareBuilds\utils\compareBuildGroup.js",480,"armor plates"
"src\features\compareBuilds\utils\compareBuildGroup.js",482,"plates"
"src\features\compareBuilds\utils\compareBuildGroup.js",483,"armor.plates"
"src\features\compareBuilds\utils\compareBuildGroup.js",486,"__NONE__"
"src\features\compareBuilds\utils\compareBuildGroup.js",486,"None"
"src\features\compareBuilds\utils\compareBuildGroup.js",549,"Skills"
"src\features\compareBuilds\utils\compareBuildGroup.js",549,"skills"
"src\features\compareBuilds\utils\compareBuildGroup.js",550,"weapons"
"src\features\compareBuilds\utils\compareBuildGroup.js",551,"loadout"
"src\features\compareBuilds\utils\compareBuildGroup.js",552,"armor"
"src\features\compareBuilds\utils\compareBuildsSession.js",3,"pd3_compare_builds_v1"
"src\features\compareBuilds\utils\semantic\analyzeBuildArchetype.js",41,"AR_"
"src\features\compareBuilds\utils\semantic\analyzeBuildArchetype.js",42,"Assault Rifle"
"src\features\compareBuilds\utils\semantic\analyzeBuildArchetype.js",42,"Assault Rifle"
"src\features\compareBuilds\utils\semantic\analyzeBuildArchetype.js",45,"PISTOL_"
"src\features\compareBuilds\utils\semantic\analyzeBuildArchetype.js",46,"Pistol"
"src\features\compareBuilds\utils\semantic\analyzeBuildArchetype.js",46,"Pistol"
"src\features\compareBuilds\utils\semantic\analyzeBuildArchetype.js",49,"SHOTGUN_"
"src\features\compareBuilds\utils\semantic\analyzeBuildArchetype.js",50,"Shotgun"
"src\features\compareBuilds\utils\semantic\analyzeBuildArchetype.js",50,"Shotgun"
"src\features\compareBuilds\utils\semantic\analyzeBuildArchetype.js",53,"FLASHBANG"
"src\features\compareBuilds\utils\semantic\analyzeBuildArchetype.js",54,"Flashbang Control"
"src\features\compareBuilds\utils\semantic\analyzeBuildArchetype.js",54,"Flashbang Control"
"src\features\compareBuilds\utils\semantic\analyzeBuildArchetype.js",57,"SHOCK"
"src\features\compareBuilds\utils\semantic\analyzeBuildArchetype.js",58,"Shock Crowd Control"
"src\features\compareBuilds\utils\semantic\analyzeBuildArchetype.js",58,"Shock Crowd Control"
"src\features\compareBuilds\utils\semantic\analyzeBuildArchetype.js",61,"FRAG"
"src\features\compareBuilds\utils\semantic\analyzeBuildArchetype.js",62,"Grenadier"
"src\features\compareBuilds\utils\semantic\analyzeBuildArchetype.js",62,"Grenadier"
"src\features\compareBuilds\utils\semantic\analyzeBuildArchetype.js",65,"ARMOR"
"src\features\compareBuilds\utils\semantic\analyzeBuildArchetype.js",65,"DAMAGE_REDUCTION"
"src\features\compareBuilds\utils\semantic\analyzeBuildArchetype.js",66,"Tank"
"src\features\compareBuilds\utils\semantic\analyzeBuildArchetype.js",66,"Tank"
"src\features\compareBuilds\utils\semantic\analyzeBuildArchetype.js",69,"HACKING"
"src\features\compareBuilds\utils\semantic\analyzeBuildArchetype.js",69,"CAMERA_LOOP"
"src\features\compareBuilds\utils\semantic\analyzeBuildArchetype.js",69,"STEALTH_UNMASKED"
"src\features\compareBuilds\utils\semantic\analyzeBuildArchetype.js",70,"Stealth"
"src\features\compareBuilds\utils\semantic\analyzeBuildArchetype.js",70,"Stealth"
"src\features\compareBuilds\utils\semantic\analyzeBuildArchetype.js",73,"MEDIC_BAG"
"src\features\compareBuilds\utils\semantic\analyzeBuildArchetype.js",73,"AMMO_BAG"
"src\features\compareBuilds\utils\semantic\analyzeBuildArchetype.js",73,"ARMOR_BAG"
"src\features\compareBuilds\utils\semantic\analyzeBuildArchetype.js",74,"Support"
"src\features\compareBuilds\utils\semantic\analyzeBuildArchetype.js",74,"Support"
"src\features\compareBuilds\utils\semantic\analyzeBuildArchetype.js",77,"TURRET"
"src\features\compareBuilds\utils\semantic\analyzeBuildArchetype.js",78,"Turret"
"src\features\compareBuilds\utils\semantic\analyzeBuildArchetype.js",78,"Turret"
"src\features\compareBuilds\utils\semantic\buildSkillSemanticIndex.js",7,"${a}\n${b}"
"src\features\compareBuilds\utils\semantic\buildSkillSemanticIndex.js",13,"object"
"src\features\compareBuilds\utils\semantic\buildSkillSemanticIndex.js",21,"impact magnitude"
"src\features\compareBuilds\utils\semantic\buildSkillSemanticIndex.js",28,"rate"
"src\features\compareBuilds\utils\semantic\buildSkillSemanticIndex.js",29,"flat"
"src\features\compareBuilds\utils\semantic\buildSkillSemanticIndex.js",30,"rate"
"src\features\compareBuilds\utils\semantic\buildSkillSemanticIndex.js",77,"smg"
"src\features\compareBuilds\utils\semantic\buildSkillSemanticIndex.js",78,"shotgun"
"src\features\compareBuilds\utils\semantic\buildSkillSemanticIndex.js",79,"handgun"
"src\features\compareBuilds\utils\semantic\buildSkillSemanticIndex.js",80,"marksman"
"src\features\compareBuilds\utils\semantic\buildSkillSemanticIndex.js",83,"accuracy"
"src\features\compareBuilds\utils\semantic\buildSkillSemanticIndex.js",84,"stability"
"src\features\compareBuilds\utils\semantic\buildSkillSemanticIndex.js",85,"reload"
"src\features\compareBuilds\utils\semantic\buildSkillSemanticIndex.js",86,"damage"
"src\features\compareBuilds\utils\semantic\buildSkillSemanticIndex.js",89,"armor regeneration"
"src\features\compareBuilds\utils\semantic\buildSkillSemanticIndex.js",90,"take"
"src\features\compareBuilds\utils\semantic\buildSkillSemanticIndex.js",90,"less damage"
"src\features\compareBuilds\utils\semantic\buildSkillSemanticIndex.js",91,"marked"
"src\features\compareBuilds\utils\semantic\buildSkillSemanticIndex.js",92,"flashbang grenade"
"src\features\compareBuilds\utils\semantic\buildSkillSemanticIndex.js",93,"shock grenade"
"src\features\compareBuilds\utils\semantic\buildSkillSemanticIndex.js",94,"frag grenade"
"src\features\compareBuilds\utils\semantic\buildSkillSemanticIndex.js",95,"smoke grenade"
"src\features\compareBuilds\utils\semantic\buildSkillSemanticIndex.js",96,"runtime"
"src\features\compareBuilds\utils\semantic\buildSkillSemanticIndex.js",97,"camera"
"src\features\compareBuilds\utils\semantic\buildSkillSemanticIndex.js",98,"loop"
"src\features\compareBuilds\utils\semantic\buildSkillSemanticIndex.js",99,"sentry turret"
"src\features\compareBuilds\utils\semantic\buildSkillSemanticIndex.js",100,"heat buildup"
"src\features\compareBuilds\utils\semantic\buildSkillSemanticIndex.js",100,"overheat"
"src\features\compareBuilds\utils\semantic\buildSkillSemanticIndex.js",101,"hostage"
"src\features\compareBuilds\utils\semantic\buildSkillSemanticIndex.js",101,"trade"
"src\features\compareBuilds\utils\semantic\buildSkillSemanticIndex.js",102,"carry 2 bags"
"src\features\compareBuilds\utils\semantic\buildSkillSemanticIndex.js",102,"carrying"
"src\features\compareBuilds\utils\semantic\buildSkillSemanticIndex.js",102,"carry two bags"
"src\features\compareBuilds\utils\semantic\buildSkillSemanticIndex.js",103,"unmasked"
"src\features\compareBuilds\utils\semantic\buildSkillSemanticIndex.js",104,"restore"
"src\features\compareBuilds\utils\semantic\buildSkillSemanticIndex.js",104,"tool"
"src\features\compareBuilds\utils\semantic\buildSkillSemanticIndex.js",105,"restore"
"src\features\compareBuilds\utils\semantic\buildSkillSemanticIndex.js",105,"throwable"
"src\features\compareBuilds\utils\semantic\buildSkillSemanticIndex.js",106,"armor layer"
"src\features\compareBuilds\utils\semantic\buildSkillSemanticIndex.js",107,"repair armor"
"src\features\compareBuilds\utils\semantic\buildSkillSemanticIndex.js",107,"restore armor"
"src\features\compareBuilds\utils\semantic\buildSkillSemanticIndex.js",107,"armor bag"
"src\features\compareBuilds\utils\semantic\buildSkillSemanticIndex.js",108,"down"
"src\features\compareBuilds\utils\semantic\buildSkillSemanticIndex.js",109,"adrenaline"
"src\features\compareBuilds\utils\semantic\buildSkillSemanticIndex.js",110,"throwing knife"
"src\features\compareBuilds\utils\semantic\buildSkillSemanticIndex.js",111,"bleed"
"src\features\compareBuilds\utils\semantic\buildSkillSemanticIndex.js",112,"gas"
"src\features\compareBuilds\utils\semantic\buildSkillSemanticIndex.js",112,"poison"
"src\features\compareBuilds\utils\semantic\buildSkillSemanticIndex.js",113,"armor penetration"
"src\features\compareBuilds\utils\semantic\buildSkillSemanticIndex.js",113,"penetrate"
"src\features\compareBuilds\utils\semantic\buildSkillSemanticIndex.js",116,"additionalcharges"
"src\features\compareBuilds\utils\semantic\buildSkillSemanticIndex.js",117,"increasedincomingdamage"
"src\features\compareBuilds\utils\semantic\buildSkillSemanticIndex.js",118,"duration"
"src\features\compareBuilds\utils\semantic\buildSkillSemanticIndex.js",119,"regenreductiontime"
"src\features\compareBuilds\utils\semantic\buildSkillSemanticIndex.js",120,"damagereduction"
"src\features\compareBuilds\utils\semantic\buildSkillSemanticIndex.js",121,"increasedinventoryammo"
"src\features\compareBuilds\utils\semantic\buildSkillSemanticIndex.js",122,"heatbuildup"
"src\features\compareBuilds\utils\semantic\buildSkillSemanticIndex.js",123,"increaseddamage"
"src\features\compareBuilds\utils\semantic\buildSkillSemanticIndex.js",131,"reserve ammo"
"src\features\compareBuilds\utils\semantic\buildSkillSemanticIndex.js",138,"reserve ammo"
"src\features\compareBuilds\utils\semantic\buildSkillSemanticIndex.js",153,"reserve ammo"
"src\features\compareBuilds\utils\semantic\buildSkillSemanticIndex.js",159,"reserve ammo"
"src\features\compareBuilds\utils\semantic\buildSkillSemanticIndex.js",166,"dodge"
"src\features\compareBuilds\utils\semantic\buildSkillSemanticIndex.js",167,"maximum health"
"src\features\compareBuilds\utils\semantic\buildSkillSemanticIndex.js",168,"heal"
"src\features\compareBuilds\utils\semantic\buildSkillSemanticIndex.js",198,"stun duration"
"src\features\compareBuilds\utils\semantic\buildSkillSemanticIndex.js",208,"stun duration"
"src\features\compareBuilds\utils\semantic\buildSkillSemanticIndex.js",240,"ammo bag"
"src\features\compareBuilds\utils\semantic\buildSkillSemanticIndex.js",240,"ammo bags"
"src\features\compareBuilds\utils\semantic\buildSkillSemanticIndex.js",241,"armor bag"
"src\features\compareBuilds\utils\semantic\buildSkillSemanticIndex.js",241,"armor bags"
"src\features\compareBuilds\utils\semantic\buildSkillSemanticIndex.js",242,"medic bag"
"src\features\compareBuilds\utils\semantic\buildSkillSemanticIndex.js",242,"medic bags"
"src\features\compareBuilds\utils\semantic\buildSkillSemanticIndex.js",268,"override+auto"
"src\features\compareBuilds\utils\semantic\buildSkillSemanticIndex.js",268,"auto"
"src\features\compareBuilds\utils\semantic\computeBuildSemanticProfile.js",26,"aced"
"src\features\compareBuilds\utils\semantic\computeBuildSemanticProfile.js",26,"base"
"src\features\compareBuilds\utils\semantic\detectBuildArchetype.js",8,"Assault Rifle"
"src\features\compareBuilds\utils\semantic\detectBuildArchetype.js",9,"AR_DAMAGE"
"src\features\compareBuilds\utils\semantic\detectBuildArchetype.js",9,"AR_ACCURACY"
"src\features\compareBuilds\utils\semantic\detectBuildArchetype.js",9,"AR_STABILITY"
"src\features\compareBuilds\utils\semantic\detectBuildArchetype.js",9,"AR_AMMO"
"src\features\compareBuilds\utils\semantic\detectBuildArchetype.js",13,"Pistol"
"src\features\compareBuilds\utils\semantic\detectBuildArchetype.js",14,"PISTOL_DAMAGE"
"src\features\compareBuilds\utils\semantic\detectBuildArchetype.js",14,"PISTOL_ACCURACY"
"src\features\compareBuilds\utils\semantic\detectBuildArchetype.js",14,"PISTOL_UTILITY"
"src\features\compareBuilds\utils\semantic\detectBuildArchetype.js",18,"Shotgun"
"src\features\compareBuilds\utils\semantic\detectBuildArchetype.js",19,"SHOTGUN_DAMAGE"
"src\features\compareBuilds\utils\semantic\detectBuildArchetype.js",19,"SHOTGUN_RELOAD"
"src\features\compareBuilds\utils\semantic\detectBuildArchetype.js",23,"Tank"
"src\features\compareBuilds\utils\semantic\detectBuildArchetype.js",24,"DAMAGE_REDUCTION"
"src\features\compareBuilds\utils\semantic\detectBuildArchetype.js",24,"ARMOR_REGEN"
"src\features\compareBuilds\utils\semantic\detectBuildArchetype.js",24,"ARMOR_REPAIR"
"src\features\compareBuilds\utils\semantic\detectBuildArchetype.js",28,"Stealth"
"src\features\compareBuilds\utils\semantic\detectBuildArchetype.js",29,"HACKING"
"src\features\compareBuilds\utils\semantic\detectBuildArchetype.js",29,"CAMERA_LOOP"
"src\features\compareBuilds\utils\semantic\detectBuildArchetype.js",29,"STEALTH_UNMASKED"
"src\features\compareBuilds\utils\semantic\detectBuildArchetype.js",33,"Flashbang Control"
"src\features\compareBuilds\utils\semantic\detectBuildArchetype.js",34,"FLASHBANG"
"src\features\compareBuilds\utils\semantic\detectBuildArchetype.js",34,"FLASHBANG_STUN"
"src\features\compareBuilds\utils\semantic\detectBuildArchetype.js",34,"FLASHBANG_VULN"
"src\features\compareBuilds\utils\semantic\detectBuildArchetype.js",38,"Shock Crowd Control"
"src\features\compareBuilds\utils\semantic\detectBuildArchetype.js",39,"SHOCK_GRENADE"
"src\features\compareBuilds\utils\semantic\detectBuildArchetype.js",39,"SHOCK_STUN"
"src\features\compareBuilds\utils\semantic\detectBuildArchetype.js",43,"Grenadier"
"src\features\compareBuilds\utils\semantic\detectBuildArchetype.js",44,"FRAG_GRENADE"
"src\features\compareBuilds\utils\semantic\detectBuildArchetype.js",44,"FRAG_VULN"
"src\features\compareBuilds\utils\semantic\detectBuildArchetype.js",48,"Support"
"src\features\compareBuilds\utils\semantic\detectBuildArchetype.js",49,"MEDIC_BAG"
"src\features\compareBuilds\utils\semantic\detectBuildArchetype.js",49,"AMMO_BAG"
"src\features\compareBuilds\utils\semantic\detectBuildArchetype.js",49,"ARMOR_BAG"
"src\features\compareBuilds\utils\semantic\detectBuildArchetype.js",53,"Turret"
"src\features\compareBuilds\utils\semantic\detectBuildArchetype.js",54,"TURRET"
"src\features\compareBuilds\utils\semantic\detectBuildArchetype.js",54,"TURRET_DAMAGE"
"src\features\compareBuilds\utils\semantic\generateSemanticInsights.js",11,"${skillNameByKey(x.skillKey)} (${x.level})"
"src\features\compareBuilds\utils\semantic\generateSemanticInsights.js",58,"[[${buildNameById[x.id]}]]"
"src\features\compareBuilds\utils\semantic\generateSemanticInsights.js",59,"[[${buildNameById[x.id]}]]"
"src\features\compareBuilds\utils\semantic\semanticTags.js",3,"AR_DAMAGE"
"src\features\compareBuilds\utils\semantic\semanticTags.js",4,"AR_ACCURACY"
"src\features\compareBuilds\utils\semantic\semanticTags.js",5,"AR_STABILITY"
"src\features\compareBuilds\utils\semantic\semanticTags.js",6,"AR_AMMO"
"src\features\compareBuilds\utils\semantic\semanticTags.js",8,"SMG_DAMAGE"
"src\features\compareBuilds\utils\semantic\semanticTags.js",9,"SMG_ACCURACY"
"src\features\compareBuilds\utils\semantic\semanticTags.js",10,"SMG_STABILITY"
"src\features\compareBuilds\utils\semantic\semanticTags.js",11,"SMG_AMMO"
"src\features\compareBuilds\utils\semantic\semanticTags.js",13,"SHOTGUN_DAMAGE"
"src\features\compareBuilds\utils\semantic\semanticTags.js",14,"SHOTGUN_RELOAD"
"src\features\compareBuilds\utils\semantic\semanticTags.js",15,"SHOTGUN_SURVIVABILITY"
"src\features\compareBuilds\utils\semantic\semanticTags.js",17,"PISTOL_DAMAGE"
"src\features\compareBuilds\utils\semantic\semanticTags.js",18,"PISTOL_ACCURACY"
"src\features\compareBuilds\utils\semantic\semanticTags.js",19,"PISTOL_UTILITY"
"src\features\compareBuilds\utils\semantic\semanticTags.js",20,"PISTOL_SURVIVABILITY"
"src\features\compareBuilds\utils\semantic\semanticTags.js",21,"PISTOL_AMMO"
"src\features\compareBuilds\utils\semantic\semanticTags.js",23,"MARKSMAN_DAMAGE"
"src\features\compareBuilds\utils\semantic\semanticTags.js",24,"MARKSMAN_UTILITY"
"src\features\compareBuilds\utils\semantic\semanticTags.js",25,"MARKSMAN_AMMO"
"src\features\compareBuilds\utils\semantic\semanticTags.js",28,"DAMAGE_REDUCTION"
"src\features\compareBuilds\utils\semantic\semanticTags.js",29,"ARMOR_REGEN"
"src\features\compareBuilds\utils\semantic\semanticTags.js",30,"HEALTH_MAX"
"src\features\compareBuilds\utils\semantic\semanticTags.js",31,"HEALING"
"src\features\compareBuilds\utils\semantic\semanticTags.js",32,"DODGE"
"src\features\compareBuilds\utils\semantic\semanticTags.js",33,"DOWNS"
"src\features\compareBuilds\utils\semantic\semanticTags.js",34,"ARMOR_REPAIR"
"src\features\compareBuilds\utils\semantic\semanticTags.js",37,"FLASHBANG"
"src\features\compareBuilds\utils\semantic\semanticTags.js",38,"FLASHBANG_STUN"
"src\features\compareBuilds\utils\semantic\semanticTags.js",39,"FLASHBANG_VULN"
"src\features\compareBuilds\utils\semantic\semanticTags.js",41,"SHOCK_GRENADE"
"src\features\compareBuilds\utils\semantic\semanticTags.js",42,"SHOCK_STUN"
"src\features\compareBuilds\utils\semantic\semanticTags.js",43,"SHOCK_VULN"
"src\features\compareBuilds\utils\semantic\semanticTags.js",45,"FRAG_GRENADE"
"src\features\compareBuilds\utils\semantic\semanticTags.js",46,"FRAG_VULN"
"src\features\compareBuilds\utils\semantic\semanticTags.js",48,"SMOKE_GRENADE"
"src\features\compareBuilds\utils\semantic\semanticTags.js",49,"SMOKE_VULN"
"src\features\compareBuilds\utils\semantic\semanticTags.js",51,"THROWING_KNIFE"
"src\features\compareBuilds\utils\semantic\semanticTags.js",52,"THROWING_KNIFE_DAMAGE"
"src\features\compareBuilds\utils\semantic\semanticTags.js",55,"MARKING"
"src\features\compareBuilds\utils\semantic\semanticTags.js",56,"HACKING"
"src\features\compareBuilds\utils\semantic\semanticTags.js",57,"CAMERA_LOOP"
"src\features\compareBuilds\utils\semantic\semanticTags.js",58,"STEALTH_UNMASKED"
"src\features\compareBuilds\utils\semantic\semanticTags.js",61,"AMMO_BAG"
"src\features\compareBuilds\utils\semantic\semanticTags.js",62,"ARMOR_BAG"
"src\features\compareBuilds\utils\semantic\semanticTags.js",63,"MEDIC_BAG"
"src\features\compareBuilds\utils\semantic\semanticTags.js",65,"TURRET"
"src\features\compareBuilds\utils\semantic\semanticTags.js",66,"TURRET_DAMAGE"
"src\features\compareBuilds\utils\semantic\semanticTags.js",67,"TURRET_HEAT"
"src\features\compareBuilds\utils\semantic\semanticTags.js",70,"HOSTAGES"
"src\features\compareBuilds\utils\semantic\semanticTags.js",71,"CARRY"
"src\features\compareBuilds\utils\semantic\semanticTags.js",74,"TOOL_RESTORE"
"src\features\compareBuilds\utils\semantic\semanticTags.js",75,"THROWABLE_RESTORE"
"src\features\compareBuilds\utils\semantic\semanticTags.js",76,"AMMO_ECON"
"src\features\compareBuilds\utils\semantic\semanticTags.js",79,"ADRENALINE"
"src\features\compareBuilds\utils\semantic\semanticTags.js",81,"ARMOR_PENETRATION"
"src\features\compareBuilds\utils\semantic\semanticTags.js",83,"BLEED"
"src\features\compareBuilds\utils\semantic\semanticTags.js",84,"GAS_DAMAGE"
"src\features\compareBuilds\utils\semantic\semanticTags.js",86,"SURVIVABILITY"
"src\features\compareBuilds\utils\semantic\semanticTags.js",87,"MOBILITY"
"src\features\compareBuilds\utils\semantic\semanticTags.js",88,"OBJECTIVE_INTERACTION"
"src\features\compareBuilds\utils\semantic\semanticTags.js",92,"compare.tags.ar-damage"
"src\features\compareBuilds\utils\semantic\semanticTags.js",93,"compare.tags.ar-accuracy"
"src\features\compareBuilds\utils\semantic\semanticTags.js",94,"compare.tags.ar-stability"
"src\features\compareBuilds\utils\semantic\semanticTags.js",95,"compare.tags.ar-ammo"
"src\features\compareBuilds\utils\semantic\semanticTags.js",97,"compare.tags.smg-damage"
"src\features\compareBuilds\utils\semantic\semanticTags.js",98,"compare.tags.smg-accuracy"
"src\features\compareBuilds\utils\semantic\semanticTags.js",99,"compare.tags.smg-stability"
"src\features\compareBuilds\utils\semantic\semanticTags.js",100,"compare.tags.smg-ammo"
"src\features\compareBuilds\utils\semantic\semanticTags.js",102,"compare.tags.shotgun-damage"
"src\features\compareBuilds\utils\semantic\semanticTags.js",103,"compare.tags.shotgun-reload"
"src\features\compareBuilds\utils\semantic\semanticTags.js",104,"compare.tags.shotgun-survivability"
"src\features\compareBuilds\utils\semantic\semanticTags.js",106,"compare.tags.handgun-damage"
"src\features\compareBuilds\utils\semantic\semanticTags.js",107,"compare.tags.handgun-accuracy"
"src\features\compareBuilds\utils\semantic\semanticTags.js",108,"compare.tags.handgun-utility"
"src\features\compareBuilds\utils\semantic\semanticTags.js",109,"compare.tags.handgun-survivability"
"src\features\compareBuilds\utils\semantic\semanticTags.js",110,"compare.tags.handgun-ammo"
"src\features\compareBuilds\utils\semantic\semanticTags.js",112,"compare.tags.marksman-damage"
"src\features\compareBuilds\utils\semantic\semanticTags.js",113,"compare.tags.marksman-utility"
"src\features\compareBuilds\utils\semantic\semanticTags.js",114,"compare.tags.marksman-ammo"
"src\features\compareBuilds\utils\semantic\semanticTags.js",116,"compare.tags.damage-reduction"
"src\features\compareBuilds\utils\semantic\semanticTags.js",117,"compare.tags.armor-regen"
"src\features\compareBuilds\utils\semantic\semanticTags.js",118,"compare.tags.max-health"
"src\features\compareBuilds\utils\semantic\semanticTags.js",119,"compare.tags.healing"
"src\features\compareBuilds\utils\semantic\semanticTags.js",120,"compare.tags.dodge"
"src\features\compareBuilds\utils\semantic\semanticTags.js",121,"compare.tags.armor-repair"
"src\features\compareBuilds\utils\semantic\semanticTags.js",123,"compare.tags.flash-mechanic"
"src\features\compareBuilds\utils\semantic\semanticTags.js",124,"compare.tags.flash-stun"
"src\features\compareBuilds\utils\semantic\semanticTags.js",125,"compare.tags.flash-damage-vulnerability"
"src\features\compareBuilds\utils\semantic\semanticTags.js",127,"compare.tags.shock-mechanic"
"src\features\compareBuilds\utils\semantic\semanticTags.js",128,"compare.tags.shock-stun"
"src\features\compareBuilds\utils\semantic\semanticTags.js",129,"compare.tags.shock-damage-vulnerability"
"src\features\compareBuilds\utils\semantic\semanticTags.js",131,"compare.tags.frag-mechanic"
"src\features\compareBuilds\utils\semantic\semanticTags.js",132,"compare.tags.frag-damage-vulnerability"
"src\features\compareBuilds\utils\semantic\semanticTags.js",134,"compare.tags.smoke-mechanic"
"src\features\compareBuilds\utils\semantic\semanticTags.js",135,"compare.tags.smoke-damage-vulnerability"
"src\features\compareBuilds\utils\semantic\semanticTags.js",137,"compare.tags.throwing-knife-mechanic"
"src\features\compareBuilds\utils\semantic\semanticTags.js",138,"compare.tags.throwing-knife-damage"
"src\features\compareBuilds\utils\semantic\semanticTags.js",140,"compare.tags.marking"
"src\features\compareBuilds\utils\semantic\semanticTags.js",141,"compare.tags.hacking"
"src\features\compareBuilds\utils\semantic\semanticTags.js",142,"compare.tags.hacking-camera"
"src\features\compareBuilds\utils\semantic\semanticTags.js",143,"compare.tags.stealth"
"src\features\compareBuilds\utils\semantic\semanticTags.js",145,"compare.tags.ammo-bag"
"src\features\compareBuilds\utils\semantic\semanticTags.js",146,"compare.tags.armor-bag"
"src\features\compareBuilds\utils\semantic\semanticTags.js",147,"compare.tags.medic-bag"
"src\features\compareBuilds\utils\semantic\semanticTags.js",149,"compare.tags.sentry-value"
"src\features\compareBuilds\utils\semantic\semanticTags.js",150,"compare.tags.sentry-damage"
"src\features\compareBuilds\utils\semantic\semanticTags.js",151,"compare.tags.sentry-sustain"
"src\features\compareBuilds\utils\semantic\semanticTags.js",153,"compare.tags.hostages"
"src\features\compareBuilds\utils\semantic\semanticTags.js",154,"compare.tags.carry"
"src\features\compareBuilds\utils\semantic\semanticTags.js",156,"compare.tags.tool-restore"
"src\features\compareBuilds\utils\semantic\semanticTags.js",157,"compare.tags.throwable-restore"
"src\features\compareBuilds\utils\semantic\semanticTags.js",158,"compare.tags.ammo-economy"
"src\features\compareBuilds\utils\semantic\semanticTags.js",160,"compare.tags.adrenaline"
"src\features\compareBuilds\utils\semantic\semanticTags.js",162,"compare.tags.armor-penetration"
"src\features\compareBuilds\utils\semantic\semanticTags.js",164,"compare.tags.bleeding"
"src\features\compareBuilds\utils\semantic\semanticTags.js",165,"compare.tags.poison"
"src\features\compareBuilds\utils\semantic\semanticTags.js",167,"compare.tags.survivability"
"src\features\compareBuilds\utils\semantic\semanticTags.js",168,"compare.tags.mobility"
"src\features\compareBuilds\utils\semantic\semanticTags.js",169,"compare.tags.interaction-speed"
"src\hooks\useBuildGenerator.js",6,"pd3-random-build-v1"
"src\hooks\useBuildGenerator.js",81,"primary"
"src\hooks\useBuildGenerator.js",82,"secondary"
"src\hooks\useBuildGenerator.js",95,"armor"
"src\hooks\useBuildGenerator.js",100,"primary"
"src\hooks\useBuildGenerator.js",103,"primary"
"src\hooks\useBuildGenerator.js",105,"secondary"
"src\hooks\useBuildGenerator.js",108,"secondary"
"src\hooks\useBuildGenerator.js",139,"object"
"src\hooks\useIsMobile.js",5,"undefined"
"src\hooks\useIsMobile.js",12,"resize"
"src\hooks\useIsMobile.js",13,"resize"
"src\hooks\useLoadBuild.js",22,"/build-editor/b/${encoded}"
"src\i18n.js",14,"en"
"src\i18n.js",15,"en"
"src\library\components\BulidWheel.jsx",21,"resize"
"src\library\components\BulidWheel.jsx",22,"resize"
"src\library\components\BulidWheel.jsx",51,"rotate(${rotation}deg)"
"src\library\hooks\useUserLibrary.js",9,"pd3_library_cache"
"src\library\hooks\useUserLibrary.js",10,"pd3_library_cache_uid"
"src\library\pages\LibraryExplorer.jsx",120,"buildName"
"src\library\pages\LibraryExplorer.jsx",133,"skill"
"src\library\pages\LibraryExplorer.jsx",135,"skill"
"src\library\pages\LibraryExplorer.jsx",137,"base"
"src\library\pages\LibraryExplorer.jsx",141,"weaponType"
"src\library\pages\LibraryExplorer.jsx",143,"weaponType"
"src\library\pages\LibraryExplorer.jsx",149,"buildName"
"src\library\pages\LibraryExplorer.jsx",151,"buildName"
"src\library\pages\LibraryExplorer.jsx",184,"skill"
"src\library\pages\LibraryExplorer.jsx",186,"skill"
"src\library\pages\LibraryExplorer.jsx",191,"weaponType"
"src\library\pages\LibraryExplorer.jsx",193,"weaponType"
"src\library\pages\LibraryExplorer.jsx",196,"${f.slot}:${f.weaponType}"
"src\library\pages\LibraryExplorer.jsx",199,"buildName"
"src\library\pages\LibraryExplorer.jsx",201,"buildName"
"src\library\pages\LibraryExplorer.jsx",225,"filters"
"src\library\pages\LibraryExplorer.jsx",257,"pd3_library_explorer_scroll"
"src\library\pages\LibraryExplorer.jsx",263,"pd3_library_explorer_scroll"
"src\library\pages\LibraryExplorer.jsx",271,"/compare-builds"
"src\library\pages\LibraryExplorer.jsx",284,"/library-roulette"
"src\library\pages\LibraryExplorer.jsx",306,"divider"
"src\library\pages\LibraryExplorer.jsx",324,"weaponType"
"src\library\pages\LibraryExplorer.jsx",328,"weaponType"
"src\library\pages\LibraryExplorer.jsx",334,"buildName"
"src\library\pages\LibraryExplorer.jsx",337,"buildName"
"src\library\pages\LibraryExplorer.jsx",351,"weaponType"
"src\library\pages\LibraryExplorer.jsx",357,"buildName"
"src\library\pages\LibraryExplorer.jsx",363,"buildName"
"src\library\pages\LibraryExplorer.jsx",366,"pd3_library_explorer_scroll"
"src\library\pages\LibraryExplorer.jsx",370,"weaponType"
"src\library\pages\LibraryExplorer.jsx",377,"/catalog/${s.key}"
"src\library\pages\LibraryExplorer.jsx",407,"skill"
"src\library\pages\LibraryExplorer.jsx",409,"base"
"src\library\pages\LibraryExplorer.jsx",485,"checkbox"
"src\library\pages\LibraryRoulette.jsx",20,"pd3_library_roulette_deck_v1"
"src\library\pages\LibraryRoulette.jsx",42,"all"
"src\library\pages\LibraryRoulette.jsx",72,"skill"
"src\library\pages\LibraryRoulette.jsx",74,"skill"
"src\library\pages\LibraryRoulette.jsx",76,"base"
"src\library\pages\LibraryRoulette.jsx",79,"weaponType"
"src\library\pages\LibraryRoulette.jsx",81,"weaponType"
"src\library\pages\LibraryRoulette.jsx",86,"buildName"
"src\library\pages\LibraryRoulette.jsx",88,"buildName"
"src\library\pages\LibraryRoulette.jsx",106,"all"
"src\library\pages\LibraryRoulette.jsx",119,"custom"
"src\library\pages\LibraryRoulette.jsx",220,"/library-explorer${location.search}"
"src\library\pages\LibraryRoulette.jsx",236,"all"
"src\library\pages\LibraryRoulette.jsx",242,"button"
"src\library\pages\LibraryRoulette.jsx",244,"custom"
"src\library\pages\LibraryRoulette.jsx",247,"all"
"src\library\pages\LibraryRoulette.jsx",251,"custom"
"src\library\pages\LibraryRoulette.jsx",254,"all"
"src\library\pages\LibraryRoulette.jsx",266,"custom"
"src\library\pages\LibraryRoulette.jsx",271,"auto"
"src\library\pages\LibraryRoulette.jsx",274,"easeOut"
"src\library\pages\LibraryRoulette.jsx",275,"easeOut"
"src\library\pages\LibraryRoulette.jsx",276,"easeOut"
"src\library\pages\LibraryRoulette.jsx",282,"button"
"src\library\pages\LibraryRoulette.jsx",288,"button"
"src\library\pages\LibraryRoulette.jsx",305,"checkbox"
"src\library\utils\buildCatalog.js",4,"elegibles"
"src\library\utils\buildCatalog.js",16,"shotgun"
"src\library\utils\buildCatalog.js",16,"pistol"
"src\library\utils\buildCatalog.js",27,"${baseSearch} ${baseSearch.replace(/\s+/g,"
"src\library\utils\buildCatalog.js",27,")}"
"src\library\utils\buildCatalog.js",30,"skill"
"src\library\utils\buildCatalog.js",46,"shotgun"
"src\library\utils\buildCatalog.js",46,"pistol"
"src\library\utils\buildCatalog.js",50,"${t} weapon type primary"
"src\library\utils\buildCatalog.js",51,"${baseSearch} ${baseSearch.replace(/\s+/g,"
"src\library\utils\buildCatalog.js",51,")}"
"src\library\utils\buildCatalog.js",54,"weaponType"
"src\library\utils\buildCatalog.js",55,"primary:${t}"
"src\library\utils\buildCatalog.js",56,"primary"
"src\library\utils\buildCatalog.js",58,"Weapon Type: ${titleCase(t)} (Primary)"
"src\library\utils\buildCatalog.js",59,"${t} weapon type primary"
"src\library\utils\buildCatalog.js",66,"${t} weapon type secondary"
"src\library\utils\buildCatalog.js",67,"${baseSearch} ${baseSearch.replace(/\s+/g,"
"src\library\utils\buildCatalog.js",67,")}"
"src\library\utils\buildCatalog.js",70,"weaponType"
"src\library\utils\buildCatalog.js",71,"secondary:${t}"
"src\library\utils\buildCatalog.js",72,"secondary"
"src\library\utils\buildCatalog.js",74,"Weapon Type: ${titleCase(t)} (Secondary)"
"src\library\utils\buildCatalog.js",75,"${t} weapon type secondary"
"src\library\utils\buildCatalog.js",83,"primary"
"src\library\utils\buildCatalog.js",84,"secondary"
"src\library\utils\buildCatalog.js",85,"overkill"
"src\library\utils\buildCatalog.js",86,"throwable"
"src\library\utils\buildCatalog.js",87,"deployable"
"src\library\utils\buildCatalog.js",88,"tool"
"src\library\utils\buildCatalog.js",89,"armor"
"src\library\utils\buildCatalog.js",96,"pistol"
"src\library\utils\buildCatalog.js",101,"${baseSearch} ${baseSearch.replace(/\s+/g,"
"src\library\utils\buildCatalog.js",101,")}"
"src\library\utils\buildCatalog.js",117,"skill category"
"src\library\utils\buildCatalog.js",122,"${baseSearch} ${baseSearch.replace(/\s+/g,"
"src\library\utils\buildCatalog.js",122,")}"
"src\library\utils\buildCatalog.js",125,"category"
"src\library\utils\buildCatalog.js",126,"category:${group.id}"
"src\library\utils\buildCatalog.js",135,"skill tree"
"src\library\utils\buildCatalog.js",140,"${treeSearch} ${treeSearch.replace(/\s+/g,"
"src\library\utils\buildCatalog.js",140,")}"
"src\library\utils\buildCatalog.js",143,"tree"
"src\library\utils\buildCatalog.js",144,"tree:${tree.id}"
"src\library\utils\buildCatalog.js",157,"${baseSearch} ${baseSearch.replace(/\s+/g,"
"src\library\utils\buildCatalog.js",157,")}"
"src\library\utils\buildCatalog.js",160,"plate"
"src\library\utils\buildWeaponTypeIndex.js",21,"primary"
"src\library\utils\buildWeaponTypeIndex.js",21,"secondary"
"src\library\utils\displayHelpers.js",5,"primary"
"src\library\utils\displayHelpers.js",6,"secondary"
"src\library\utils\displayHelpers.js",7,"overkill"
"src\library\utils\displayHelpers.js",8,"throwable"
"src\library\utils\displayHelpers.js",9,"deployable"
"src\library\utils\displayHelpers.js",10,"tool"
"src\library\utils\displayHelpers.js",11,"armors"
"src\library\utils\filterSerialization.js",11,"skill"
"src\library\utils\filterSerialization.js",13,"skill"
"src\library\utils\filterSerialization.js",15,"base"
"src\library\utils\filterSerialization.js",18,"weaponType"
"src\library\utils\filterSerialization.js",20,"weaponType"
"src\library\utils\filterSerialization.js",25,"buildName"
"src\library\utils\filterSerialization.js",27,"buildName"
"src\library\utils\getSuggestions.js",29,"skillDescriptionSearch"
"src\library\utils\getSuggestions.js",30,"desc:${q}"
"src\library\utils\getSuggestions.js",31,"Search skill descriptions for"
"src\library\utils\getSuggestions.js",31,"(${descriptionMatches})"
"src\library\utils\getSuggestions.js",55,"pistol"
"src\library\utils\getSuggestions.js",56,"weaponType"
"src\library\utils\getSuggestions.js",70,"weaponType"
"src\library\utils\getSuggestions.js",86,"${x.kind}:${x.key}"
"src\library\utils\librarySearchEngine.js",18,"skill"
"src\library\utils\librarySearchEngine.js",19,"skill"
"src\library\utils\librarySearchEngine.js",23,"primary"
"src\library\utils\librarySearchEngine.js",23,"secondary"
"src\library\utils\librarySearchEngine.js",33,"overkill"
"src\library\utils\librarySearchEngine.js",34,"overkill"
"src\library\utils\librarySearchEngine.js",39,"throwable"
"src\library\utils\librarySearchEngine.js",40,"throwable"
"src\library\utils\librarySearchEngine.js",45,"deployable"
"src\library\utils\librarySearchEngine.js",46,"deployable"
"src\library\utils\librarySearchEngine.js",51,"tool"
"src\library\utils\librarySearchEngine.js",52,"tool"
"src\library\utils\librarySearchEngine.js",57,"armor"
"src\library\utils\librarySearchEngine.js",58,"armor"
"src\library\utils\librarySearchEngine.js",63,"plate"
"src\library\utils\librarySearchEngine.js",64,"plate"
"src\library\utils\librarySearchEngine.js",88,"ace"
"src\library\utils\librarySearchEngine.js",88,"aced"
"src\library\utils\librarySearchEngine.js",89,"base"
"src\library\utils\librarySearchEngine.js",95,"skill"
"src\library\utils\librarySearchEngine.js",98,"aced"
"src\library\utils\librarySearchEngine.js",100,"baseOnly"
"src\library\utils\librarySearchEngine.js",101,"base"
"src\library\utils\librarySearchEngine.js",120,"name"
"src\library\utils\librarySearchEngine.js",137,"skill"
"src\library\utils\librarySearchEngine.js",138,"aced"
"src\library\utils\librarySearchEngine.js",148,"primary"
"src\library\utils\librarySearchEngine.js",151,"secondary"
"src\library\utils\librarySearchEngine.js",154,"overkill"
"src\library\utils\librarySearchEngine.js",157,"throwable"
"src\library\utils\librarySearchEngine.js",160,"deployable"
"src\library\utils\librarySearchEngine.js",163,"tool"
"src\library\utils\librarySearchEngine.js",166,"armor"
"src\library\utils\librarySearchEngine.js",169,"plate"
"src\library\utils\librarySearchEngine.js",172,"name"
"src\library\utils\librarySearchEngine.js",175,"weaponType"
"src\library\utils\librarySearchEngine.js",227,"skill"
"src\library\utils\librarySearchEngine.js",228,"aced"
"src\library\utils\librarySearchEngine.js",236,"primary"
"src\library\utils\librarySearchEngine.js",239,"secondary"
"src\library\utils\librarySearchEngine.js",242,"overkill"
"src\library\utils\librarySearchEngine.js",245,"throwable"
"src\library\utils\librarySearchEngine.js",248,"deployable"
"src\library\utils\librarySearchEngine.js",251,"tool"
"src\library\utils\librarySearchEngine.js",254,"armor"
"src\library\utils\librarySearchEngine.js",257,"plate"
"src\library\utils\librarySearchEngine.js",260,"weaponType"
"src\library\utils\librarySearchEngine.js",261,"primary"
"src\library\utils\librarySearchEngine.js",261,"secondary"
"src\library\utils\librarySearchEngine.js",272,"name"
"src\library\utils\librarySearchEngine.js",275,"buildName"
"src\library\utils\normalize.js",6,"$1 $2"
"src\main.jsx",23,"serviceWorker"
"src\main.jsx",26,"load"
"src\main.jsx",28,"/sw.js"
"src\pages\Home.jsx",12,"react-icons/lu"
"src\randomizer\Randomizer.jsx",51,"pd3_randomizer_build_v1"
"src\randomizer\Randomizer.jsx",52,"pd3_randomizer_decks_v1"
"src\randomizer\Randomizer.jsx",233,"tool"
"src\randomizer\Randomizer.jsx",234,"deployable"
"src\randomizer\Randomizer.jsx",235,"throwable"
"src\randomizer\Randomizer.jsx",236,"armor"
"src\randomizer\Randomizer.jsx",237,"overkill"
"src\randomizer\Randomizer.jsx",238,"secondary"
"src\randomizer\Randomizer.jsx",239,"primary"
"src\randomizer\Randomizer.jsx",240,"heist"
"src\randomizer\Randomizer.jsx",253,"primary"
"src\randomizer\Randomizer.jsx",257,"secondary"
"src\randomizer\Randomizer.jsx",261,"overkill"
"src\randomizer\Randomizer.jsx",265,"armor"
"src\randomizer\Randomizer.jsx",269,"throwable"
"src\randomizer\Randomizer.jsx",273,"deployable"
"src\randomizer\Randomizer.jsx",277,"tool"
"src\randomizer\Randomizer.jsx",281,"heist"
"src\randomizer\Randomizer.jsx",343,"primary"
"src\randomizer\Randomizer.jsx",351,"secondary"
"src\randomizer\Randomizer.jsx",359,"overkill"
"src\randomizer\Randomizer.jsx",363,"throwable"
"src\randomizer\Randomizer.jsx",367,"deployable"
"src\randomizer\Randomizer.jsx",371,"tool"
"src\randomizer\Randomizer.jsx",375,"armor"
"src\randomizer\Randomizer.jsx",384,"heist"
"src\randomizer\Randomizer.jsx",442,"button"
"src\randomizer\Randomizer.jsx",450,"easeOut"
"src\randomizer\Randomizer.jsx",461,"auto"
"src\randomizer\Randomizer.jsx",463,"easeOut"
"src\randomizer\Randomizer.jsx",482,"checkbox"
"src\randomizer\Randomizer.jsx",518,"checkbox"
"src\randomizer\Randomizer.jsx",547,"randomizer"
"src\randomizer\Randomizer.jsx",548,"primary"
"src\randomizer\Randomizer.jsx",552,"primary"
"src\randomizer\Randomizer.jsx",555,"primary"
"src\randomizer\Randomizer.jsx",570,"randomizer"
"src\randomizer\Randomizer.jsx",571,"secondary"
"src\randomizer\Randomizer.jsx",575,"secondary"
"src\randomizer\Randomizer.jsx",578,"secondary"
"src\randomizer\Randomizer.jsx",593,"randomizer"
"src\randomizer\Randomizer.jsx",594,"overkill"
"src\randomizer\Randomizer.jsx",598,"overkill"
"src\randomizer\Randomizer.jsx",601,"overkill"
"src\randomizer\Randomizer.jsx",616,"randomizer"
"src\randomizer\Randomizer.jsx",617,"armor"
"src\randomizer\Randomizer.jsx",621,"armor"
"src\randomizer\Randomizer.jsx",632,"armor"
"src\randomizer\Randomizer.jsx",647,"randomizer"
"src\randomizer\Randomizer.jsx",648,"throwable"
"src\randomizer\Randomizer.jsx",652,"throwable"
"src\randomizer\Randomizer.jsx",655,"throwable"
"src\randomizer\Randomizer.jsx",670,"randomizer"
"src\randomizer\Randomizer.jsx",671,"deployable"
"src\randomizer\Randomizer.jsx",675,"deployable"
"src\randomizer\Randomizer.jsx",678,"deployable"
"src\randomizer\Randomizer.jsx",693,"randomizer"
"src\randomizer\Randomizer.jsx",694,"tool"
"src\randomizer\Randomizer.jsx",698,"tool"
"src\randomizer\Randomizer.jsx",701,"tool"
"src\randomizer\Randomizer.jsx",716,"randomizer"
"src\randomizer\Randomizer.jsx",717,"heist"
"src\randomizer\Randomizer.jsx",726,"heist"
"src\randomizer\Randomizer.jsx",729,"heist"
"src\services\buildLibraryService.js",8,"../../firebaseUtils"
"src\services\buildLibraryService.js",18,"../utils/buildLibrary.local"
"src\services\buildLibraryService.js",110,"UID requerido para migración"
"src\services\buildLibraryService.js",134,"UID requerido para migración"
"src\services\weaponPresetService.js",7,"firebase/firestore"
"src\services\weaponPresetService.js",20,"WeaponPresetService.get: uid requerido"
"src\services\weaponPresetService.js",21,"WeaponPresetService.get: weaponKey requerido"
"src\services\weaponPresetService.js",23,"users"
"src\services\weaponPresetService.js",23,"weaponPresets"
"src\services\weaponPresetService.js",35,"WeaponPresetService.save: uid requerido"
"src\services\weaponPresetService.js",36,"WeaponPresetService.save: weaponKey requerido"
"src\services\weaponPresetService.js",38,"users"
"src\services\weaponPresetService.js",38,"weaponPresets"
"src\utils\buildPreview.js",34,"${plateName} x${count}"
"src\utils\buildPreview.js",64,"${armorName} (${plateText})"
"src\utils\highlightText.jsx",8,"(${query})"
"src\utils\highlightText.jsx",8,"gi"
"src\utils\highlightText.jsx",12,"string"
"src\utils\makeCopyNameIfNeeded.js",6,""").trim() ||"
"src\utils\makeCopyNameIfNeeded.js",13,"(copy)"
"src\utils\makeCopyNameIfNeeded.js",13,"(copy 2)"
"src\utils\makeCopyNameIfNeeded.js",16,"${cleanBase} (copy)"
"src\utils\makeCopyNameIfNeeded.js",16,"${cleanBase} (copy ${i})"
"src\utils\requireAuthForAction.js",11,"pd3_post_auth_redirect"
"src\utils\requireAuthForAction.js",18,"/auth"
"src\utils\resolveDescription.js",14,"\\{${key}\\}\\|plural\\(one=([^,]+),other=([^\\)]+)\\)"
"src\utils\resolveDescription.js",23,"\\{${key}\\}"
"src\utils\resolveDescription.js",31,"rate"
"src\utils\resolveDescription.js",32,"${Math.round(value * 100)}%"
"src\utils\searchPresentation.utils.js",11,"string"
"src\utils\searchPresentation.utils.js",23,"Primary"
"src\utils\searchPresentation.utils.js",24,"Secondary"
"src\utils\searchPresentation.utils.js",25,"Overkill"
"src\utils\searchPresentation.utils.js",35,"Assault Rifle"
"src\utils\searchPresentation.utils.js",36,"SMG"
"src\utils\searchPresentation.utils.js",37,"LMG"
"src\utils\searchPresentation.utils.js",38,"Shotgun"
"src\utils\searchPresentation.utils.js",39,"Handgun"
"src\utils\searchPresentation.utils.js",40,"Marksman Rifle"
"src\utils\searchPresentation.utils.js",41,"Sniper Rifle"
"src\utils\searchPresentation.utils.js",42,"Overkill"
"src\utils\searchPresentation.utils.js",48,"$1 $2"
"src\utils\searchPresentation.utils.js",49,"$1 $2"
"src\utils\searchPresentation.utils.js",59,"${typeLabel} (${slotLabel})"
"src\utils\searchPresentation.utils.js",69,"weaponType"
"src\utils\searchPresentation.utils.js",73,"buildName"
"src\utils\searchPresentation.utils.js",84,"skill"
"src\utils\searchPresentation.utils.js",85,"Skill"
"src\utils\searchPresentation.utils.js",86,"weaponType"
"src\utils\searchPresentation.utils.js",87,"Weapon Type"
"src\utils\searchPresentation.utils.js",88,"buildName"
"src\utils\searchPresentation.utils.js",89,"Build"
"src\utils\searchPresentation.utils.js",97,"skill"
"src\utils\searchPresentation.utils.js",98,"var(--color-skill)"
"src\utils\searchPresentation.utils.js",99,"weaponType"
"src\utils\searchPresentation.utils.js",100,"primary"
"src\utils\searchPresentation.utils.js",101,"secondary"
"src\utils\searchPresentation.utils.js",102,"overkill"
"src\utils\searchPresentation.utils.js",103,"var(--color-weapon)"
"src\utils\searchPresentation.utils.js",104,"armor"
"src\utils\searchPresentation.utils.js",105,"plate"
"src\utils\searchPresentation.utils.js",106,"var(--color-armor)"
"src\utils\searchPresentation.utils.js",107,"throwable"
"src\utils\searchPresentation.utils.js",108,"var(--color-throwable)"
"src\utils\searchPresentation.utils.js",109,"deployable"
"src\utils\searchPresentation.utils.js",110,"var(--color-deployable)"
"src\utils\searchPresentation.utils.js",111,"tool"
"src\utils\searchPresentation.utils.js",112,"var(--color-tool)"
"src\utils\searchPresentation.utils.js",113,"buildName"
"src\utils\searchPresentation.utils.js",114,"var(--color-build)"
"src\utils\searchPresentation.utils.js",116,"rgba(255,255,255,0.08)"
"src\utils\searchPresentation.utils.js",126,"Skill Text Search"
"src\utils\searchPresentation.utils.js",127,"Builds"
"src\utils\searchPresentation.utils.js",128,"Skills"
"src\utils\searchPresentation.utils.js",129,"Weapons"
"src\utils\searchPresentation.utils.js",130,"Overkill Weapon"
"src\utils\searchPresentation.utils.js",131,"Armor"
"src\utils\searchPresentation.utils.js",132,"Plates"
"src\utils\searchPresentation.utils.js",133,"Throwables"
"src\utils\searchPresentation.utils.js",134,"Deployables"
"src\utils\searchPresentation.utils.js",135,"Tools"
"src\utils\searchPresentation.utils.js",150,"divider"
"src\utils\searchPresentation.utils.js",157,"item"